Deparment,Club Name,외국인 가입 가능 여부,영어설명,소개,eng_description,club_id
문화분과,하늬울림,X,,,,
Culture Division,INUO,O,Orchestra Club,"인천대학교 오케스트라 (Incheon National University Orchestra, INUO)는 클래식 음악과 연주에 대한 열정을 가진 학생들이 모여 2016년에 창단된 인천대학교의 오케스트라 동아리입니다. 창단 이래 INUO는 매년 열리는 정기연주회와 실력향상연주회 등의 내부공연 그리고 다양한 외부 공연을 통해 활발한 활동을 이어오고 있습니다. 이러한 공연을 통해 단원들은 음악적 역량을 키우며 무대 경험을 쌓고 있습니다. 또한 대학연합오케스트라를 발판으로 인천 지역의 다른 대학 오케스트라들과의 연합 공연 등을 통해 음악적 교류와 발전을 추구하고 있습니다. 열정적이고 실력 있는 단원들이 서로의 음악적 성장을 돕고자 하는 이곳은, 음악을 사랑하는 누구에게나 열려있습니다.

 정기연주회는 INUO의 가장 중요한 연례 행사로, 동아리 단원들뿐만 아니라 졸업한 선배들과 타 대학 학생들이 객원으로 함께하는 대규모 무대입니다. 매해 수준 높은 연주로 관객들에게 깊은 인상을 남기며, INUO의 음악적 역량과 열정을 보여주는 뜻깊은 자리입니다. 이 연주회는 단원들이 서로의 기량을 높이고, 동문 및 타 학교와 음악적 교류를 넓히는 소중한 기회이기도 합니다.

 실력향상연주회는 INUO 단원이라면 누구나 참여할 수 있는 무대로, 악기를 배운 지 얼마 되지 않은 신입 단원들도 자신의 성장을 직접 무대에서 경험할 수 있는 기회입니다. 연주 실력에 상관없이 모든 단원이 함께 모여 연습하고 공연하며, 서로 격려하고 음악적 자신감을 키워가는 자리입니다.

 대학연합오케스트라는 INUO를 이끌어주시는 벤킴 지휘자님께서 주최하시는 프로그램으로, 인천 지역 여러 대학의 오케스트라가 한데 모여 협력하며 연주하는 특별한 기회입니다. 이 프로그램을 통해 각 대학의 학생들이 한 무대에서 함께 연주하며 음악적 기량을 공유하고, 다양한 스타일과 경험을 쌓아가며 성장할 수 있습니다. 또한, 지역사회를 위한 공연을 통해 음악의 즐거움과 감동을 함께 나누며, 대학 간의 유대감을 돈독히 하고 있습니다.

 INUO는 연주 활동 외에도 MT, 단체 공연 관람, 연주후 뒷풀이 등 다양한 친목 활동을 통해 단원들이 서로 소통하고 교류할 수 있는 시간을 마련하고 있습니다. 다양한 활동들을 바탕으로 유대감을 형성하고 있습니다. 동아리에 들어가서 적응할 수 있을까 주저하지 않으셔도 됩니다!!","Incheon National University Orchestra (INUO) is an orchestra club at Incheon National University founded in 2016 by students with a passion for classical music and performance. Since its founding, INUO has been actively performing through internal performances such as regular concerts and performances to improve skills held every year, as well as various external performances. Through these performances, members develop their musical skills and gain stage experience. In addition, using the University Orchestra as a stepping stone, the club pursues musical exchange and development through joint performances with other university orchestras in the Incheon area. This place, where passionate and talented members help each other grow musically, is open to anyone who loves music. 

The regular concert is INUO’s most important annual event, a large-scale stage where not only club members but also alumni and students from other universities participate as guests. It is a meaningful place that leaves a deep impression on the audience with high-level performances every year and shows INUO’s musical skills and passion. This concert is also a valuable opportunity for the members to improve their skills and expand musical exchanges with alumni and other schools. 

The Skill Improvement Concert is a stage that any INUO member can participate in, and it is an opportunity for new members who have not learned an instrument for long to experience their own growth on stage. Regardless of their playing skills, all members gather together to practice and perform, encourage each other, and build musical confidence. 

The University Union Orchestra is a program hosted by Conductor Ben Kim, who leads INUO, and is a special opportunity for orchestras from various universities in the Incheon area to come together and perform together. Through this program, students from each university can perform together on one stage, share their musical skills, and grow while gaining various styles and experiences. In addition, through performances for the local community, they share the joy and emotion of music and strengthen the bond between universities. 

In addition to performance activities, INUO also provides time for members to communicate and interact with each other through various social activities such as MT, group performance viewing, and after-performance parties. A sense of unity is formed based on various activities. Don't hesitate to join the club and see if you can adapt!!",1
Culture Division,IUDC,O,Dance Club,"IUDC는 K-POP! HIPHOP! 등 장르에 제한을 두지 않고 모든 장르의 춤을 사랑하는 댄스 동아리입니다!
대학생활의 하이라이트인 OT, 축제, 정기공연과 같은 큰 무대에서 공연 및 영상촬영을 하고 또한 외부 찬조 공연이나 직접 영상을 촬영하여 다양한 SNS, 유튜브에 업로드합니다!

대형 동아리이기 때문에 대학생활에서 쉽게 접할 수 없는 사람들을 만나면서 폭 넓은 교류를 할 수도 있고 무대와 영상 등을 찍기 때문에 잊지 못할 추억을 만들 수도 있습니다.

무엇보다! 꿈꿔왔던 대학생활을 실현할 수 있습니다!","IUDC is a dance club that loves all genres of dance, not limited to K-POP! HIPHOP! etc. 

We perform and film on big stages such as OT, festivals, and regular performances, which are the highlights of college life, and also film external support performances or videos ourselves and upload them to various SNS and YouTube! 

Because it is a large club, you can meet people you don't easily meet in college life, have a wide range of interactions, and make unforgettable memories by filming on stage and in videos. 

Above all! You can realize the college life you've been dreaming of!",2
문화분과,인스디스,X,,,,
Culture Division,인인극회,O,Theater Club,"지금 바로 당신의 연극 여정을 시작해보세요!

인인극회는 1981년에 창립되어 매년 정기공연과 워크샵공연을 성공적으로 올리고 있습니다.

인인극회는 연극의 매력과 가치를 전파하고, 학내와 지역사회의 문화예술 발전에 기여하는 것을 목표로 하고 있습니다. 동아리 구성원들은 열정과 예술적인 재능을 갖춘 학우들로 이루어져 있으며, 다양한 연극 장르와 스타일을 실험하고 탐구하는데 주력하고 있습니다.

매년 정기공연을 통해 학내에 창의적이고 흥미로운 연극 작품을 선보이고 있습니다. 폭넓은 주제와 장르를 다루며, 고전부터 현대까지 시대를 아우르는 작품을 자체적으로 기획하고 연출합니다. 이를 통해 동아리 구성원들은 연기력과 연출력을 발전시킴과 동시에 관객들에게 깊은 감동과 즐거움을 선사하고 있습니다.

또한, 워크샵공연을 통해 동아리 구성원들은 자신의 연극적인 역량을 더욱 향상시킬 수 있는 기회를 제공합니다. 워크샵은 작품 제작 과정에서 실험과 탐구를 도모하며, 새로운 아이디어와 접근방식을 발전시키는 중요한 플랫폼으로 활용하고 있습니다.

우리의 동아리는 단지 관람자가 아닌 참여자로서 여러분을 기다립니다. 여기에서 당신은 연극의 세계를 자유롭게 탐험하고, 예술적인 역량을 향상시킬 수 있습니다. 무대 위에서 당신의 열정과 재능을 발휘하면서 동시에 동료들과의 협업과 소통을 경험할 수 있습니다.

인인극회의 무대 위에서 여러분을 기다리겠습니다.","Start your theater journey right now! 

Founded in 1981, Inin Theater Society has been successfully holding regular performances and workshop performances every year. 

Inin Theater Society aims to spread the charm and value of theater and contribute to the development of culture and arts on campus and in the local community. The club members are passionate and artistically talented students, and they focus on experimenting and exploring various theater genres and styles. 

Through regular performances every year, we present creative and interesting theater works to the school. We cover a wide range of topics and genres, and we plan and direct works that span from classical to modern times. Through this, the club members develop their acting and directing skills, while also providing deep emotion and enjoyment to the audience. 

In addition, through workshop performances, the club members provide opportunities to further improve their theater skills. The workshops encourage experimentation and exploration during the production process, and are used as an important platform to develop new ideas and approaches. 

Our club awaits you as a participant, not just a spectator. Here, you can freely explore the world of theater and improve your artistic abilities. You can experience collaboration and communication with your colleagues while demonstrating your passion and talent on stage. 

We are waiting for you on the stage of Inin Theater.",3
Culture Division,포크라인,O,Band Club,"어쿠스틱 밴드 포크라인
바쁜 일상 중에 조그마한 휴식처를 찾고 있는 인천대 학생 여러분

안녕하세요! 우리는 인천대학교 어쿠스틱 밴드 포크 라인입니다.
포크라인은 1983년 순수음악 창작, 어쿠스틱 동아리에서 시작하여 41년 동안 72회 정기공연, KTX 후원, 외부 행사, 교내 버스킹 행사 등 많은 이력을 가지고 있습니다.

한 학기에 개강 총회, MT, 방학 프로젝트 공연, 정기 공연 (발표회), 공연 뒤풀이 등등 구체적으로 학기를 기획하고 있습니다.

음악은 남녀노소, 나이 상관없이 누구나 이해하고, 공유할 수 있는 문화입니다.
동아리에 와서 기타를 배우고, 노래를 같이 부르며 다 같이 즐길 수 있는 것이 차갑게 굳어버린 이 세상에서 살 수 있는 방법 아닐까요?

이번 2023년 우리 포크라인은 41기 신입생을 모집하고 있습니다.
포크라인과 함께 이 무대에 주인공이 되어주세요.","Acoustic Band Folkline 
Students of Incheon National University looking for a small resting place in their busy daily lives 

Hello! We are Folkline, the acoustic band of Incheon National University. 
Folkline started in 1983 as a pure music creation and acoustic club, and has a long history of 72 regular performances, KTX sponsorship, external events, and on-campus busking events over the past 41 years. 

We plan each semester specifically, including an opening ceremony, MT, vacation project performance, regular performance (presentation), and after-performance party. 

Music is a culture that anyone can understand and share, regardless of gender or age. 

Wouldn't coming to the club, learning guitar, singing together, and enjoying it all be a way to live in this cold, frozen world? 

This year, in 2023, Folkline is recruiting its 41st freshmen. 

Be the main character on this stage with Folkline.",4
문화분과,파이오니아,X,,,,
Culture Division,젊은영상,O,Video Production Club,"우리 동아리는 1985년 3월에 '씨네마'라는 이름으로 태어났으며, 그 후 1988년 3월에 '젊은 영상'으로 이름을 바꾸었습니다.

우리 동아리는 그동안 매년 '젊은 영상 영화제' 와 '창작 영화제'를 열었습니다.

'젊은 영상 영화제'에서는 여러분이 평소에 접하기 어려웠던 영화들을 하나의 주제에 따라 묶어서 상영하였습니다.

1999년에는 ""인생은 아름다워"" (희-노-애-락) 이라는 주제로 '비밀의 화원, 귀를 기울이면, 애수, 샤이닝' 등의 작품을 상영하였습니다.

'창작 영화제'는 말 그대로 저희가 직접 만든 영화를 상영하는 영화제입니다.

영화를 사랑하는 사람들의 모임으로서 창작에 대한 열정으로 만들어낸 단편영화를 보여드립니다.

시나리오, 촬영, 조명, 연기, 연출에 이르기까지 거의 모든 부분을 우리 동아리 사람들이 맡음으로서 영화 제작의 즐거움을 배울수 있습니다.

영화를 좋아한다면 누구든지 찾아주세요~","Our club was born in March 1985 under the name of 'Cinema', and later changed its name to 'Young Film' in March 1988. 

Our club has held the 'Young Film Festival' and the 'Creative Film Festival' every year. 

At the 'Young Film Festival', we screened films that you may not normally have access to, grouped by theme. 

In 1999, we screened 'Secret Garden', 'Listen Up', 'Sorrow', and 'Shining' under the theme of 'Life is Beautiful' (희-노-애-락). 

The 'Creative Film Festival' is a film festival where we screen films that we made ourselves. 

As a gathering of people who love movies, we show short films created with passion for creation. 

You can learn the joy of filmmaking as our club members take charge of almost every aspect, from scenarios, filming, lighting, acting, and directing. 

Anyone who likes movies, come visit us~
",5
문화분과,울림,X,,,,
Culture Division,함성,O,Band Club,"함성은 인천대학교 중앙동아리 문화부 소속의 동아리로, 1988년에 만들어져 2023년 현재 34년 역사를 가진 유서 깊은 동아리입니다.

2022년에는 인천대학교 신입생 오리엔테이션 공연, 여름 축제 공연을 비롯해 인천 지역 대학생들을 대상으로 한 연수 버스커즈 공연 등에 섰으며, 학교 축제 무대와 인천 대학생 밴드 연합 동아리 공연 활동을 진행해 왔습니다. 1학기에는 학교 소극장, 2학기에는 서울 프리즘 홀을 대관하여 정기 공연을 진행하였습니다. 2023년에는 버스킹 및 여름 축제 공연을 진행하였고 여름에 2차례의 정기 공연이 예정되어 있습니다.

함성은 연주 경력이 없어도 배우고자 하는 의지와 열정만 있다면 누구에게나 열려 있습니다.","Hamsung is a club belonging to the Cultural Department of the Central Club at Incheon University. Established in 1988, it has a rich history of 34 years as of 2023.

In 2022, the club performed at the Incheon University freshman orientation event, summer festival performances, and busker shows targeting university students in the Incheon area. It has also participated in school festival stages and activities with the Incheon university student band union. Regular performances were held in the school's small theater in the first semester and at the Seoul Prism Hall in the second semester. In 2023, Hamsung conducted busking and summer festival performances, with two regular performances scheduled for the summer.

Hamsung is open to anyone who has the willingness and passion to learn, regardless of their performance experience.",6
문화분과,크레퍼스,X,,,,
Culture Division,UIAC(산악부),O,Mountaineering (Climbing) Club,"-University of Incheon Alpine Club-

Enjoy UNIV!! Enjoy UIAC!!

인천대학교 산악부는1979년 인천대학교 개교와 동시에 제1호 동아리로 등록된 중앙동아리입니다!

산악부는 스포츠 클라이밍, 암벽등반, 산행, 빙벽등반, 백패킹, 종주 등 다양한 산악활동 및 스포츠 활동을 하고 있습니다. 봄의 꽃길, 여름의 계곡, 가을의 단풍, 겨울의 설화를 감상하며 걷는 능선 종주와 인간의 발길을 거부하는 암벽과 해마다 그 위용을 달리하는 빙벽에서의 빙벽등반은 산악부만 할 수 있는 특별한 활동입니다!

2009년 에베레스트 등정을 성공으로 대학산악부 최초 7대륙 최고봉 등정을 이룬 원정등반의 기록이 있습니다! 우리는 산과 자연에서 얻은 교훈을 차분히 기록으로 남겨 하나의 문화로 만들어가는 학술 활동등을 하고 있습니다! 인천대학교 산악부는 대학산악연맹에 소속되어 있는 동아리로서 서울 및 수도권 대학을 포함하여 전국의 대학산악부와 교류하여 만남을 가지고 함께 활동하여 다양한 경험과 뜻 깊은 시간을 가질 수 있습니다.

몸에 자일을 연결하여 서로 믿으며 함께 오르는 부원들 사이에 맺어진 인연은 “자일의 정”이라고 합니다!
“자일의 정”은 그 무엇보다 끈끈하고 잃지 않는 인연이라고 할 수 있습니다!

많은 학생들에게 산악부에 대해 질문을 하면 대개는 ’멋있다.’,’하고싶다’,’하지만 위험하다.’,’자신 없다.’고들 합니다. 타 동아리에 비해 어렵고 힘들고 조금은 두려운 부분도 있을 수 있지만 오히려 지금이기에 도전하고, 즐길 수 있습니다!!

우리 산악부는 학교와 함께 성장하며 진취적이고 산에 대한 열정과 진지한 탐구정신은 결코 타에 뒤지지 않는 동아리라고 자부합니다.","-University of Incheon Alpine Club-

Enjoy UNIV!! Enjoy UIAC!!

The Incheon University Mountaineering Club is a central club registered as the first club at the time of the university's establishment in 1979!

The mountaineering club engages in various mountain activities and sports, including sports climbing, rock climbing, hiking, ice climbing, and backpacking. Enjoying the flower paths of spring, the valleys of summer, the autumn foliage, and the winter snow, ridge traverses, and ice climbing on ice walls that refuse human footsteps are special activities that only the mountaineering club can offer!

In 2009, we made history as the first university mountaineering club to successfully summit the highest peaks on all seven continents, including Everest! We calmly document the lessons learned from the mountains and nature, creating a culture through our academic activities! The Incheon University Mountaineering Club is affiliated with the university mountaineering federation, allowing us to interact with mountaineering clubs from universities across the country, including those in Seoul and the metropolitan area, providing opportunities for diverse experiences and meaningful times together.

The bond formed among club members, climbing together while trusting each other with the rope, is called the ""Rope Bond""! The ""Rope Bond"" is an unbreakable and deeply rooted connection that surpasses everything else!

When many students are asked about the mountaineering club, they usually respond with, 'It's cool,' 'I want to do it,' 'But it's dangerous,' or 'I'm not confident.' While there may be challenges and fears compared to other clubs, it is precisely now that we can challenge ourselves and enjoy it!!

Our mountaineering club proudly believes that we are a progressive club that grows alongside the university, with a passion for the mountains and a serious spirit of inquiry that is second to none.",7
체육분과,돌핀,X,,,,
Sports Division,다크호스,O,Table Tennis Club,"안녕하세요! 인천대학교 중앙탁구동아리 다크호스입니다!

오른쪽 화살표(→)학생회관(17호관)에서 두번째로 큰 동아리실을 가지고 있고 동아리실에서 탁구를 치실 수 있습니다.
오른쪽 화살표(→)탁구 빼고도 보드게임, 포커같은 놀거리가 많습니다.
오른쪽 화살표(→)선배들은 탁구에 입문하는 후배들을 위해 기본기에 대한 레슨을 진행해주고 있습니다.
오른쪽 화살표(→)다양한 탁구 실력을 가진 동아리원!! 탁구를 못 치더라도 동아리 생활하는 데에 있어 아무 문제가 없습니다.
오른쪽 화살표(→)가지고 있는 탁구공 약 32568개 라켓도 공용으로 사용하는 것들을 부원이라면 누구나! 사용할 수 있습니다.
오른쪽 화살표(→)침상과 책상, 사물함까지! 시험 기간에 있기도 좋고 책들도 두고 다닐 수도 있습니다.
오른쪽 화살표(→)경인지구 대학생 탁구대회, 전국 대학생 탁구대회 등 탁구대회에 참여하며 실력에 관계없이 다른 학교 학생들과 탁구경기를 해보고 친목도모 또한 할 수 있는 기회가 많이 있습니다.","Hello! We are the Dark Horse Table Tennis Club at Incheon University!

→ We have the second largest club room in the Student Union (Building 17), where you can play table tennis.
→ Besides table tennis, there are many activities like board games and poker.
→ Senior members provide basic lessons for newcomers who are starting out in table tennis.
→ Our club members have various levels of table tennis skills! Even if you can't play, there’s no problem being part of the club.
→ We have about 32,568 table tennis balls and rackets that can be used by any member!
→ There are beds, desks, and lockers available! It's great during exam periods, and you can also keep your books there.
→ We participate in table tennis tournaments such as the Gyeonggi Province University Table Tennis Tournament and the National University Table Tennis Tournament, providing many opportunities to compete with students from other schools and to build friendships, regardless of skill level.",8
Sports Division,PANG,O,Squash Club,"중앙동아리 스쿼시 동아리 PANG은 인천대 학생들의 건강증진 및 스쿼시 사랑하는 인천대 학생들이 모여 함께 취미 생활을 이어가고 있습니다.
정기적으로 ‘스쿼시’라는 체육 종목을 함께 하는 것을 중심으로 활동하며, 이외에 동아리 내부 대회를 기획하여 진행하고, 인천시 내 대회를 위한 대비 운동도 함께 진행하고 있습니다.
현재 코로나로 상황으로 동아리 운영에 다소 불편함을 겪고 있지만, 그에 맞춰 정부가 지정한 방역지침을 준수하며 활동하고 있습니다.

현재 동아리는 학생회관 313호에 위치하고 있으며, 동아리 인스타그램에 inu_squash를 검색하시면 더 많은 활동사진과 정보를 확인하실 수 있습니다.
다어이트를 원하시거나 스쿼시에 관심이 있으신 분, 스트레스를 공이 벽에 맞는 소리와 함께 PANGPANG 터트리고 싶은 사람들이 모든 분들이 가입할 수 있는 동아리입니다.","The Central Club Squash Club PANG gathers Incheon University students who love squash and promotes their health. We regularly engage in the sport of ""squash"" and also plan and conduct internal club competitions, as well as training for competitions in Incheon City. Currently, due to the COVID-19 situation, the club is experiencing some inconveniences in its operations, but we are adhering to the government-designated quarantine guidelines while continuing our activities.

The club is currently located in Room 313 of the Student Hall, and you can find more activity photos and information by searching for inu_squash on the club's Instagram. This club is open to anyone who wants to diet, is interested in squash, or wants to relieve stress with the sound of the ball hitting the wall and bursting PANGPANG.",9
Sports Division,UITC,O,Tennis Club,"안녕하세요! 인천대학교 테니스동아리 UITC입니다.

동아리 부원들 대부분은 동아리에 들어와서 테니스를 처음 접합니다!
동아리 선배님들이 라켓 잡는법부터 기초를 탄탄하게 알려드립니다~ 기초를 익인 이후에는 부원들끼리 게임도 진행하면서 테니스 실력을 향상 시킬 수 있습니다.

매 주 동아리 활동 뿐만 아니라, 언제든지 동아리방에서 친목도 다질 수 있습니다!

인하대, 경인교대 등 다양한 타학교들과 교류전을 통해 경험을 쌓고, 새로운 사람들도 사귈 수 있는 기회가 있습니다.

교류전 뿐만 아니라 경인지구배, 양구오픈, 춘천오픈 등 다양한 전국테니스동아리 대회에도 참석한다면 더욱 알찬 동아리 활동을 할 수 있습니다!!

학생복지회관(17호관) 303호 UITC에서 언제나 여러분들을 기다리고 있겠습니다. 감사합니다","Hello! We are UITC, the tennis club at Incheon University.

Most of our club members are experiencing tennis for the first time after joining the club! Our senior members will teach you the basics, starting from how to hold a racket. After mastering the fundamentals, members can play games together to improve their tennis skills.

In addition to weekly club activities, you can also socialize in the club room at any time!

There are opportunities to gain experience and meet new people through exchange matches with various schools, such as Inha University and Kyongin National University of Education.

Not only exchange matches, but by participating in various national tennis club tournaments like the Gyeongin District Championship, Yanggu Open, and Chuncheon Open, you can have even more fulfilling club activities!

We are always waiting for you at UITC, Room 303 of the Student Welfare Center (Building 17). Thank you!",10
Sports Division,리바운드,O,Basketball Club,"학교설립 이듬해인 1979년에 창립된 저희 동아리는 농구만을 하는 동아리는 아닌 농구보다는 사람됨을 원합니다.
또한 돌핀이 원하는 돌핀인은 첫째 사람이 좋다. 둘째, 술이 좋다. 셋째 농구가 좋다라고 하늘을 우러러 말할 수 있는 사람입니다.

이런 밑바탕에 깔린 돌핀정신으로 농구를 하면서 희생정신과 협동정신을 함양하고 시합 때마다 좋은 기량으로 득점을 주도하고 득점을 도와주는 모습.
그리고 벤치에 앉아서 열심히 응원하는 모습. 승리를 위해 희생하며 패배뒤의 자성의 모습. 이 모든 것들을 우리 인천대 농구동아리 돌핀의 식구들은 어느것 하나라도 소홀히 생각하지 않습니다.

마지막으로 우리 돌핀인은 서로서로 더불어 살아가는 사회를 창조해 나가는데 있어 앞장 서는 동아리라는 것을 새삼 자부하고 싶은 바입니다.","Founded in 1979, the year after the university was established, our club is not just about basketball—we value character more than the game itself.
The ideal ""Dolphin"" member is, first and foremost, a good person. Second, someone who enjoys social gatherings. Third, someone who genuinely loves basketball and can proudly say so.

With this foundational ""Dolphin spirit,"" we strive to cultivate sacrifice and teamwork through basketball. Whether it's scoring with skill during games, supporting others with assists, or cheering passionately from the bench—every aspect of the game matters to us. We value the spirit of sacrifice for victory and self-reflection after defeat. None of these elements are taken lightly by any member of our basketball club at Incheon National University.

Finally, we take pride in being a club that leads by example in building a society where people live in harmony and support one another.",11
Sports Division,효월검우회,O,Kendo Club,"‘효월검우회’는 창립 이후 30년 넘은 역사와 전통을 자랑하는 인천대 검도부입니다. ‘효월검우회’가 가진 ‘새벽 달을 맞이하는 검도인의 모임’이라는 뜻처럼 검도인에 어울리는 예의와 정신을 배우고 자신을 단련하기 위해 꾸준히 노력하고 있습니다.

검도에 대해서
검도가 생소한 분들이 많기 때문에 우선 검도에 대해서 간략하게 소개드립니다. 검도란 검으로 심신단련을 목적으로 신체적인 것뿐만 아니라, 예의와 정신을 배우는 무도입니다. 검도를 함으로써 체력증진, 순발력 민첩성 판단력의 향상, 용기, 자신감, 성취감을 지닐 수 있습니다. 또한 자세가 바로 잡히고 태도는 침착해지며 품격을 갖출 수 있습니다.

검도는 남녀노소 모두에게 무리가 없는 운동입니다. 검도는 ‘평생 운동’이라 하여 나이가 많이 들어 신체적인 능력이 쇠퇴기에 들어도 운동을 할 때 더욱 무서운 검을 보여줍니다. 그래서 젊은 시절에만 하고 지나치는 것이 아니라 한 평생을 살면서 꾸준하게 할 수 있습니다. 더불어 보호 장비를 착용하고 검을 이용하여 서로 겨루는 운동이기 때문에 부상 위험이 매우 적은 안전한 운동입니다. 또한 검도는 허리와 하체의 균형과 힘을 요하는 운동으로 신체에 많은 무리를 주지 않는 효과적인 유산소 운동입니다.

동아리 활동
저희 동아리의 활동으로서 인천대 체육관에서 아침 운동 및 금요일 오후 시간대에 검도 수련을 꾸준히 진행하고 있습니다.

신입 부원부터 선배들까지 모두 참여해서 홍익대학교, 서울대학교, 서울과학기술대학교 등의 타 대학 학생들과 겨룰 수 있는 기회가 주어집니다. 교검 행사로서 인천 시내의 타 검도관 관장님들과의 교류를 통하고 있습니다. 특히 전무검도관 이우석 관장님께서 지도해주십니다.

이러한 실전적 운동뿐 아니라 MT, 축제 주점, 개강총회, 애완동물 자랑대회 등을 통해 동아리원들의 친목을 다지는 행사도 항상 진행하고 있으며, 단체로 같이 맞추는 의류도 있어서 구성원으로서 단합하기 적합합니다.

‘효월검우회’는 검도를 전혀 모르는 초심자도 처음부터 가르쳐드리면서도 대련을 하는 분들끼리도 실력 향상을 도모하는 다재다능한 동아리입니다. 운동을 통해서 건강과 교우관계를 모두 챙길 수 있는 기회는 지금 이 글을 읽고 있는 당신만의 기회입니다.","Hyowol Kendo Club is Incheon National University’s kendo club, boasting over 30 years of history and tradition. True to the meaning of our name—""a gathering of kendo practitioners who greet the dawn""—we strive to embody the etiquette and spirit of kendo, continuously working to improve ourselves.

About Kendo
Since many people may be unfamiliar with kendo, here’s a brief introduction. Kendo is a martial art that uses swords, not only to train the body but also to cultivate the mind, manners, and spirit. Through practicing kendo, you can improve your physical strength, reflexes, agility, judgment, courage, confidence, and sense of accomplishment. It also helps correct your posture, develop a calm attitude, and build character.

Kendo is suitable for everyone, regardless of age or gender. It’s called a ""lifetime sport"" because even as physical abilities decline with age, practitioners can continue to improve and demonstrate their skills. Unlike sports you outgrow, kendo is something you can practice throughout your life. Wearing protective gear and using bamboo swords also makes kendo a very safe activity with a low risk of injury. Furthermore, since kendo requires balance and lower body strength, it is an effective aerobic exercise that’s gentle on the body.

Club Activities
Our club holds regular morning training sessions at the INU gym, as well as Friday afternoon practices. Everyone, from new members to senior students, participates together. There are opportunities to compete with students from other universities such as Hongik University, Seoul National University, and SeoulTech. We also connect with local kendo dojos in Incheon, with special guidance from Master Woo-Seok Lee of Jeonmu Kendo Dojo.

In addition to practical training, we host social events like MTs (Membership Trainings), festival booths, welcome parties, and pet shows to build strong friendships within the club. We even have matching uniforms to foster a sense of unity.

Hyowol Kendo Club welcomes complete beginners, teaching them from the basics, while also helping experienced members continue to improve. If you’re looking for a club that lets you build both your health and social connections, this is your chance.",12
Sports Division,싸우라비,O,Taekwondo Club,"싸우라비는 인천대 유일 태권도 동아리입니다.

태권도를 좋아하는 학우들 뿐만아니라, 태권도를 처음 해보는 학우들도 함께 수련하고 있습니다. 1학기에는 축제 무대준비 중심으로, 2학기는 전국 태권도 연합회 겨루기 대회를 중심으로 운영하고 있습니다.
또한, 승단 심사를 희망하는 동아리원에 한해서 승단 심사 대비 운동도 학기마다 진행하고 있습니다.

운동시간은 월,수,금 18:30~20:00 화,목 20:00~21:30 으로 기본동작, 품새, 기술 발차기, 겨루기, 체력운동 등의 프로그램으로 진행중입니다.","Saurabi is the only Taekwondo club at Incheon National University.

Our club welcomes not only students who already love Taekwondo, but also complete beginners who want to try it for the first time. In the first semester, we focus on preparing performances for school festivals, while in the second semester, we train for the National Taekwondo Union Sparring Competition. For members interested in advancing their belt rank, we also offer special training sessions each semester to help them prepare for the promotion test.

Our regular training sessions are held on Mondays, Wednesdays, and Fridays from 6:30 pm to 8:00 pm, and on Tuesdays and Thursdays from 8:00 pm to 9:30 pm. The program includes basic techniques, poomsae (forms), advanced kicks, sparring, and physical conditioning.",13
Sports Division,BOSS,O,Snowboarding Club,"보드동아리 BOSS
'BOSS'는 인천대학교 스케이트보드 동아리 입니다.

한달 두번의 정기모임과 매주 열리는 소모임을 통해 인천 곳곳의 크루징 및 보드 스팟에서 다양한 트릭 연습과 크루징 활동을 진행합니다.

보드를 처음 접하시고 입문하시는 분들도 재미있고 흥미를 가질 수 있도록 기초부터 차근 차근 알려드리고 있습니다.

보드가 없으신 분들을 위해 동아리에서 소유한 스케이트보드, 롱보드, 크루져보드, 카버보드 등 다양한 보드들을 빌려드리고 있습니다.

스케이트 보드 뿐만 아니라 겨울 시즌에는 스노우보드 활동, 여름 시즌에는 웨이크보드 및 서핑등 다양한 계절 활동 또한 진행하고 있습니다.

보드를 타보고 싶은 사람, 보드를 배워보고 싶은 사람, 보드에 흥미가 있으신 모든 분들을 환영합니다.
17호관(학생회관) 432호에 동아리방이 위치해 있으며, @inu.boss 동아리 인스타그램에서 다양한 활동사진과 정보를 확인하실 수 있습니다.","Board Club BOSS
BOSS is the official skateboarding club of Incheon National University.

We hold regular meetings twice a month, along with weekly small group sessions where members gather at various cruising and board spots around Incheon to practice tricks and enjoy cruising together.

Even if you've never tried boarding before, we provide step-by-step guidance from the basics so that beginners can enjoy and find interest in the sport.

For those who don’t own a board, the club offers access to a variety of skateboards including regular skateboards, longboards, cruiser boards, and Carver boards.

In addition to skateboarding, we also enjoy seasonal activities such as snowboarding during the winter, and wakeboarding and surfing during the summer.

Whether you want to try boarding for the first time, learn how to ride, or just love the vibe, everyone is welcome to join.
Our club room is located in Room 432, Building 17 (Student Union Building), and you can check out photos and updates on our Instagram @inu.boss.",14
Sports Division,인풋아웃풋,O,Futsal Club,,,15
체육분과,퍼펙트,X,,,,
Sports Division,페더스(배민),O,Badminton Club,"인천대학교 페더스(구 배민)는 배드민턴에 열정을 가진 학생들이 모여 2022년에 신설된 인천대학교의 배드민턴 동아리입니다. 창립 이후 매주 일요일 진행되는 정기 모임과 동아리 MT, 타 대학 배드민턴 동아리 교류전 등 다양한 내.외부 활동을 통해 활발한 활동을 이어오고 있습니다. 그뿐만 아니라 전국 대학 배드민턴 동아리 연합회인 ‘누리 연합회’에 등록하여 경기.서울권 대학들과의 교류와 대회도 진행하고 있습니다. 이러한 활동을 통해 회원들의 운동 능력 향상을 비롯하여 상호 간 친목을 통하여 운동을 통한 즐거움의 추구뿐만이 아닌 스포츠로의 입문을 바탕으로 운동을 통해 삶을 바라보는 안목을 길러 지, 덕, 체를 겸비한 ‘전인’적 삶을 실현하는 것을 페더스 활동의 궁극적 목적으로 삼고 있습니다. 또한 인천 지역 대학 연합 교류전을 바탕으로 인천 지역의 다른 대학 배드민턴 동아리들과 교류 및 발전을 추구하고 있습니다. 스포츠로의 입문을 통한 스포츠적 삶의 자세를 실현하는 것을 목적으로 삼는 만큼 운동능력이 아닌 배드민턴에 대한 열정을 가장 중요시하는 페더스는 배드민턴을 사랑하는 모든 학우분들에게 열려있습니다.

정기 활동은 페더스의 주요 활동으로 매주 일요일 14시부터 18시까지 인천대학교 체육관에서 진행되는 활동입니다. 매주 자율 경기과 기초 기능 연수를 진행하며 실력 향상 및 회원 간 친목의 장이 되는 활동입니다.

동아리 교류전은 인천 지역의 배드민턴 동아리와의 교류 행사로, 대회 형식의 대진 경기와 자율적으로 참여하는 자유 경기로 진행됩니다. 가천대학교 메디컬 캠퍼스, 인하대학교, 연세대학교 국제캠퍼스, 겐트대학교, 경인교육대학교와 교류전을 진행하고 있으며 3개 이상의 동아리가 모여 함께 교류하는 연합 교류전도 진행하고 있습니다. 이러한 교류전은 타 학교와의 교류를 통하여 우리 동아리의 운동 능력에 대한 피드백과 더불어 친목을 통한 안목을 넓히는 소중한 기회입니다.

페더스는 정기 활동과 교류 활동 외에도 매 학기 신입 부원 환영 회식, MT, 정기 활동 후 뒤풀이 등 친목 활동을 통해 회원들 간 소통과 교류의 장을 마련하고 있습니다. 또한 누리 연합회 등의 대회에 참가하며 공동체 의식과 유대감을 형성하고 있습니다. 운동 능력이 아닌, 배드민턴에 대한 열정을 가장 중요시하기에 실력 때문에 주저하지 않으셔도 됩니다!","Feathers (formerly Baemin) is Incheon National University’s badminton club, founded in 2022 by students passionate about badminton. Since its founding, the club has held weekly Sunday practices and participated in various internal and external activities such as MTs and exchange matches with other university badminton clubs. Feathers is also a registered member of the “Nuri Federation,” a nationwide university badminton association, allowing for competitions and exchanges with schools in the Seoul and Gyeonggi area.

These activities not only help improve members’ athletic abilities and promote camaraderie, but also aim to foster a well-rounded life through sports—developing intellect, virtue, and physical strength. Feathers ultimately strives to broaden perspectives and embody holistic growth through participation in sports. The club also seeks to build connections with other Incheon-area universities through regional exchange matches.

Regular practices are held every Sunday from 2:00 PM to 6:00 PM at the INU gym. These sessions include friendly matches and basic skill training, creating a space for both skill development and social bonding.

Club exchange matches are organized with nearby university badminton clubs. These include structured tournaments and casual matches, and have been held with Gachon University (Medical Campus), Inha University, Yonsei University (International Campus), Ghent University, and Gyeongin National University of Education. Multi-club joint events are also held, offering valuable opportunities for performance feedback and building friendships.

Beyond training and matches, Feathers also hosts welcome dinners for new members, MTs, and social gatherings after regular sessions to foster communication and community. The club also takes part in competitions hosted by the Nuri Federation, helping build unity and group spirit. Since Feathers values passion for badminton over skill level, any student who loves the sport is welcome to join without hesitation.",16
Sports Division,바이킹,O,Baseball Club,"바이킹은 인천대학교 유일의 야구동아리로써 야구를 사랑하는 사람들의 끈끈한 정으로 모인 동아리입니다.

1982년도에 창단한 바이킹은 매년 수도권 40개 대학동아리가 모인 전국 대학 아마추어 야구대회에 참가하고 있습니다.

매년 좋은 성적을 기록하여 학교와 동아리의 이름도 빛내고 있습니다. 또한 교내 야구 대회를 매년 개최하여 진행 중이며 야구 이외에도 직관데이 마련 등 다양한 친목활동도 진행하고 있습니다.

야구를 재밌게 즐겨보고 싶은 사람, 야구 관람 좋아하는 사람, 야구를 잘 모르고 해본 적도 없지만 열정을 가지고 야구에 빠져 볼 사람 남자 여자 누구든지 환영합니다!","Vikings is the only baseball club at Incheon National University, formed by passionate individuals brought together by their shared love for the sport.

Founded in 1982, the club participates annually in the National University Amateur Baseball Tournament, which features teams from 40 universities across the Seoul metropolitan area.

With strong performances year after year, Vikings proudly represent both the club and the university. They also host an annual on-campus baseball tournament and organize various social events, such as group outings to professional games.

Whether you're someone who enjoys playing, watching, or simply wants to dive into baseball for the first time with passion—regardless of experience or gender—everyone is welcome.",17
학술분과,DT,X,,,,
학술분과,세치혀,X,,,,
학술분과,TEDxIncheonU,X,,,,
Academic Division,EDA,O,English Debate Club,"안녕하세요, 인천대학교 학우 여러분!!
저희는 영어토론동아리 EDA입니다.

저희 동아리는 사회에서 필수적인 영어를 좀 더 능숙하게 사용하고자 여럿이 모여 토론하고 서로 지식을 나누는 동아리입니다!
저희는 월 1~2회 정도의 정기 모임을 가지며 원하는 사람들끼리 모여 스터디를 만들어 토익이나 토플 등을 공부합니다.
영어 공부에 관심이 없어도 즐거운 대학 생활을 위한 선후배 동기들을 만나고자 가입하셔도 무방합니다!!
저희 동아리는 17호관 310호에 위치하고 있습니다.

편하게 찾아와 주세요!","EDA is the English Debate Association at Incheon National University.

We are a club where students come together to improve their English proficiency through discussion and knowledge-sharing—skills essential in today’s society. We hold regular meetings once or twice a month, and members can also form their own study groups to prepare for tests like TOEIC or TOEFL.

Even if you're not particularly interested in studying English, you're welcome to join just to meet peers and enjoy campus life with fellow students.
The club room is located in Room 310, Building 17.
",18
Academic Division,아르고나우츠,O,Stock Investment Club,"인천대학교 가치투자동아리 Argonauts는 올바른 투자 가치관을 확립하고 주식투자에 관하여 관내 학우들과 함께 가치투자를 바탕으로 기업가치를 산출하여 주식 투자에 상세히 공부하는 것을 주 목적으로 두고 있습니다. 아르고나우츠의 의미는 그리스 신화에 나오는 '아르고호 선원들' 이라는 뜻으로 주식시장은 넓은 바다와 같고 주가의 흐름은 파도와 같기 때문에 서로 협업하여 항해해 나아가자는 의미를 지닙니다. 저희 아르고나우츠는 경제와 주식을 좋아하고, 사랑하는 모든 분들 환영합니다!

24-2학기 기준 동아리 활동은 다음과 같습니다.
1. 투자에 필요한 기본 개념(경제, 재무, 회계, 투자지표 등) 구축
2. 핵심 경제/투자지표를 통한 리서치
3. 매주 금요일 경제/기업 뉴스 스크랩 활동
4. 경제 및 기업 분석에 입각한 매크로/기업 리포트 작성
5. 전국대학생투자동아리연합회 UIC 소속 동아리
6. 동아리 내 모의주식게임 및 수익률 게임 활동
7. 각종 투자대회 및 기업리서치 대회 참가
8. 인천일보 상장기업 기고 활동","Argonauts is Incheon National University’s value investing club, focused on developing sound investment principles and studying stock investments through the analysis of corporate value based on value investing. The name ""Argonauts"" comes from the sailors of the Argo in Greek mythology, symbolizing our journey through the vast sea of the stock market, with stock prices like waves—navigated together through teamwork.

We welcome all students who are interested in or passionate about economics and the stock market.

As of the second semester of 2024, our club activities include:

1. Building foundational knowledge in economics, finance, accounting, and investment metrics
2. Conducting research using key economic and investment indicators
3. Weekly news clipping and analysis of economic and corporate news every Friday
4. Writing macroeconomic and company reports based on in-depth analysis
5. Membership in the University Investment Club (UIC), a national student investment association
6. Participating in simulated stock trading and return competitions within the club
7. Entering investment and corporate research competitions
8. Contributing company analysis articles to Incheon Ilbo (local newspaper)",19
Academic Division,PINCOM,O,Programming Club,"PINCOM은 프로그래밍 언어를 공부하는 학술동아리입니다. 스터디팀으로 활동하고, 매주 또는 격주마다 스터디를 진행합니다.
나이, 학번, 학과에 상관없이 열정을 가지고 같이 공부할 분들을 모집하고있습니다.
관심있으신 분들은 010-7158-8162로 연락주세요!","PINCOM is an academic club focused on studying programming languages. Members participate in study teams that meet weekly or biweekly to learn together.

We welcome anyone with a passion for programming, regardless of age, student ID year, or major.
For those interested, please contact 010-7158-8162.
",20
학술분과,I'M,X,,,,
학술분과,멋쟁이사자처럼,X,,,,
Hobby & Exhibition Division,한아랑,O,Comics/Anime Club,"안녕하세요 중앙동아리 만화패 한아랑입니다. 만화와 애니메이션 좋아하시는 분들을 위한 친목 위주의 동아리입니다.
주 활동은 1학기에 달력, 2학기에 동아리 회지 제작을 합니다. 이외에 부원끼리의 친목활동이 진행됩니다.
만화와 애니메이션 좋아하시는 분들을 위한 친목 위주의 동아리이니 그림을 잘 못 그리셔도 자신있게 지원해 주세요!
동아리호실은 17호관 402호에 위치해있습니다 :)","Hanarang is a central club at INU for fans of comics and animation, focused mainly on building friendships among members.

Our main activities include creating a calendar in the first semester and publishing a club magazine in the second semester. We also hold various social gatherings among members.

You don’t need to be good at drawing—if you love comics and animation, feel free to join!
Our club room is located in Room 402, Building 17.",21
취미전시분과,유스호스텔,X,,,,
취미전시분과,인영천화,X,,,,
취미전시분과,하양검정,X,,,,
Hobby & Exhibition Division,Cookinu,O,Cooking Club,"안녕하세요 인천대학교 요리 동아리 CookINU 쿠키뉴입니다.

쿠키뉴는 매주 각기 다른 메뉴를 선정하여 다같이 요리하는 활동을 주로 진행하고 있고, 부가적으로 바베큐나 피크닉 등 다양한 활동도 진행하고 있습니다.
직접 요리한 음식을 먹으면서 부원들과 친분을 쌓을 수 있는 기회가 많아 부담없이 즐길 수 있습니다.

요리에 관심이 많거나 다양한 사람들과 교류하고 싶은 분, 그리고 가볍게 무언가를 시작하려는 분들에게 쿠키뉴는 언제나 열려있으니 많은 지원 바랍니다.
자세한 활동은 인스타그램 @cook._.inu 과 에브리타임 '동아리 및 학회' 게시판을 참고해주시기 바랍니다.

감사합니다 :)","CookINU is the cooking club at Incheon National University.

We mainly cook together each week, preparing a different menu every time. We also host additional events like barbecues and picnics.

It’s a great opportunity to build friendships while enjoying food you’ve made yourself, so anyone can join without pressure.

Whether you're passionate about cooking, want to meet new people, or simply want to start something light, CookINU is always open to you.
For more details, check out our Instagram @cook.\_.inu or the “Clubs & Societies” board on Everytime.
",22
Hobby & Exhibition Division,보.인.다,O,Board Game Club,"안녕하세요 인천대학교 보드게임 동아리 보인다입니다.
보인다는 유명한 것부터 마이너한 보드게임까지 100여 개가 넘는 보드게임 보유 중이고, 아는 사람은 안다는 trpg도 진행합니다!
보드게임 페스타 및 페스티벌에 참가하면서 타학교 보드게임 동아리와 친분을 쌓고, 정보공유를 하고 있습니다!
학기마다 교내 보드게임 대회도 개최하고 있습니다. (비대면시 대회 개최 불가)

자세한 활동내용은 페이스북을 참고해주시고, 가입 의사나 문의 사항이 있다면 카카오 채널로 문의해주세요!","Boinda is the board game club at Incheon National University.

We own over 100 board games, ranging from popular titles to lesser-known ones, and we also run tabletop RPG (TRPG) sessions for those in the know.

The club participates in board game festivals and events, building connections and sharing knowledge with board game clubs from other universities. We also host an on-campus board game tournament every semester (not held during remote semesters).

For more details, check our Facebook page, and for questions or to join, feel free to contact us via Kakao Channel.
",23
Hobby & Exhibition Division,기우회,O,Go (Baduk) Club,"기우회는 사람과 사람이 모여 바둑을 두는 재미있는 동아리입니다.
기우회의 특징을 꼽으라면 무수히 많은 특징이 존재하지만, 그중 가장 매력적인 점을 꼽으라면 다음과 같은 특징들이 있습니다.
1바둑을 배울 수 있다. (한 달에 1~2번씩 프로기사님이 오십니다!)
2각종 보드게임을 즐길 수 있다. (동아리 중 보드게임이 가장 많은 동아리)
3공강시간에 놀거나, 공부하거나, 편하게 쉴 수 있다.
- 쇼파 / 컴퓨터 / 넓은 책상 / 사물함 / 냉장고 등
4때로는 바둑 알바로 짭짤한 수익을 올릴 수 있다.
5엘리베이터 바로 옆! 정수기 바로 옆! 샤워실 바로 옆!
6쌍인전(인하대), 대학바둑연맹 등 타 대학과의 교류, 바둑 리그
어지러운 생각과 마음을 바둑으로 차분히 정리하고 싶으신 분
여러 학과의 친구, 선배들을 폭 넓게 사귀고 싶으신 분
앞으로의 대학생활에 대해 선배들의 진심 어린 조언들 듣고 싶으신 분
걱정하지 마시고 학생회관 308호로 와주세요~","Giwoohoe is a club where people come together to enjoy the game of Go.

Among its many features, some of the most attractive include:

1. You can learn to play Go (a professional player visits once or twice a month).
2. You can enjoy various board games—the club has the largest board game collection on campus.
3. It's a comfortable space to relax, study, or hang out during breaks—equipped with sofas, computers, large desks, lockers, and a fridge.
4. Members occasionally earn extra income through Go-related part-time jobs.
5. Convenient location—right next to the elevator, water dispenser, and shower room.
6. The club actively exchanges with other universities through events like the INU-Inha Go Match and university Go leagues.

If you're looking to clear your mind with a strategic game, make friends across departments, or get sincere advice from upperclassmen, don’t hesitate to drop by Room 308 in the Student Union Building.
",24
Hobby & Exhibition Division,인유공방,O,DIY Crafts Club,"인유공방은 인천대학교의 공방이자 만들고자 하는 DIY작품을 만드는 동아리입니다!
‘손으로 만들 수 있는 건 다 만들어보자’는 모토를 가지고 있습니다.
아무리 곰손이라도 향수, 캔들, 레진, 비누 등등 만드는 것에 관심이 있거나 좋아한다면 학번, 나이, 성별에 상관없이 들어와서 예쁘게 만들 수 있습니다.
@inugongbang 인스타그램에서 더 다양한 활동들을 만나보세요~","INYU Workshop is the DIY crafting club at Incheon National University.

Our motto is “Let’s try making anything we can with our hands.” From perfumes and candles to resin art and soap, anyone interested in creating is welcome—regardless of skill level, student year, age, or gender.

If you’re curious about what we do, check out more of our activities on Instagram @inugongbang.
",25
Volunteer Division,로타랙트,O,Volunteer Club,"★인천대학교 입학을 진심으로 축하드립니다!!!^∇^☆

- 뻔한 대학 생활, 답답한 캠퍼스! -
우리들의 열정을 가둬두기엔 캠퍼스는 너무 작죠?
더 넓은 세상으로 나와, 그 열정을 활활 태워봅시다!
인맥은 힘!! 봉사활동에 목마르다!! 다양한 지구활동!!

위의 세가지를 모두 잡을 수 있는 로타랙트로 오세요~~
저희 계양로타랙트는 인천대와 함께해온 유서 깊은 봉사동아리입니다.
무려 30년간 꾸준한 활동을 해온 저희는 명실상부한 인천대의 중심동아리라고 자부합니다. 봉사활동, 타 대학 로타랙트와의 교류등 다양한 경험을 할 수 있는 계양로타랙트로 여러분을 초대합니다!!
학과?학번?나이?성별? 전부 제한 NO!!!
언제든지 연락주세요!!","Rotaract is a long-standing volunteer club at Incheon National University, run in partnership with the Gyeyang Rotaract chapter.

For over 30 years, we've been an active and proud part of the INU community. If you’re tired of the ordinary campus life and want to explore a bigger world—building connections, engaging in volunteer work, and joining global activities—Rotaract is the place for you.

We offer opportunities to participate in service projects and network with Rotaract clubs from other universities. There are no restrictions based on major, year, age, or gender. Everyone is welcome!
",26
봉사분과,인천대학교의용소방대,X,,,,
Volunteer Division,초아다솜,O,Good Neighbors Volunteer Club,"안녕하세요, 굿네이버스 인천본부 소속 인천대학교 중앙동아리 초아다솜입니다.
초아다솜은 2011년 사회복지학과 봉사 소모임으로 출발했으며, 2016년 인천대학교 중앙동아리로 성장했습니다.

10년이 넘는 시간 동안 아동 권리 옹호를 목적으로 다양한 활동을 진행하고 있습니다.
동아리는 교육, 캠페인, 홍보분과 총 3개의 분과로 나누어져 있으며, 분과 특성에 맞는 개별 및 단체 활동을 전개하고 있습니다.

NGO 활동을 원하는 인천대학교 학생이라면 학과, 학년 상관없이 모두 지원 가능합니다 :)
굿네이버스와 초아다솜의 자세한 활동이 궁금하다면 인스타그램 @gn_incheon에서 확인해 주세요!

굿네이버스 입사 시, Pre 인턴십 제공 (가산점)

초아다솜과 함께 아동 권리옹호 활동을 전개하고, NGO 경험과 스펙을 쌓고 싶은 유니 여러분!
언제든지 문을 두드려 주세요-!
세상을 위한 좋은 변화를 만들어 갈 여러분을 기다리고 있겠습니다♥","ChoaDasom is a central club at Incheon National University affiliated with Good Neighbors Incheon.

Founded in 2011 as a volunteer group within the Department of Social Welfare, ChoaDasom became an official INU central club in 2016. For over a decade, the club has focused on advocating for children's rights through a wide range of activities.

The club is organized into three teams: Education, Campaign, and PR, each conducting both individual and group activities based on their focus area.

Any INU student interested in NGO work is welcome to join, regardless of major or year.
Follow @gn\_incheon on Instagram to learn more about the activities of ChoaDasom and Good Neighbors.

Members may also receive a pre-internship opportunity (plus points) when applying to Good Neighbors in the future.

If you're passionate about children’s rights, want NGO experience, and hope to contribute to positive social change, we invite you to join us!
",27
Volunteer Division,느을사랑,O,Animal Volunteer Club,"봉사와 사랑이 넘치는 느을사랑

느을사랑이란?

느을사랑은 1992년에 창립되어 현재까지도 활발히 활동하고 있는 역사가 깊은 동아리입니다. 주로 상처를 받은 동물들에 대한 사랑을 실천하는 유기견 봉사를 진행하고 있습니다. 뿐만 아니라 타 학교 봉사동아리와의 연합을 통해 지역봉사 또한 꾸준히 실천하고 있습니다. 그리고 함께하는 대학생활과 개개인의 건전한 발전을 뒷받침하기 위해 다양한 단합 행사를 진행하고 있습니다.

느을사랑의 매력은?

평일, 주말 가릴 것 없이 동아리 방에 항상 사람이 있어 타 학과끼리도 꾸준한 교류를 할 수 있고, 봉사 활동과 자체적인 행사를 통해 선후배간의 끈끈한 유대감을 형성할 수 있습니다.
활기찬 대학 생활을 즐기고 싶은 신입생 여러분! 고민하지 말고, 17호관(학생회관) 326호 느을사랑 동아리방을 찾아 주세요. 느을사랑에 누울사람을 찾습니다.","Neulsarang is a long-standing volunteer club at Incheon National University, founded in 1992 and still actively operating today.

The club is primarily dedicated to volunteering for abandoned and injured dogs, putting love for animals into action. In addition, it participates in regional service projects through joint activities with volunteer clubs from other universities. To support a fulfilling campus life and personal growth, Neulsarang also hosts various bonding events.

What makes Neulsarang special is its welcoming atmosphere—members from different majors frequently gather in the club room, whether on weekdays or weekends, allowing for consistent interdepartmental exchange. Volunteer work and internal events help build strong connections between juniors and seniors.

If you're a freshman looking for a vibrant campus experience, don’t hesitate to visit Room 326 in Building 17 (Student Union Building). Neulsarang is looking for someone to lie down—and belong—with love.",28
Religious Division,JOY선교회,O,Religious Club,"죠이선교회는 예수님을 첫째로, 이웃을 둘째로, 나 자신을 마지막으로 둘 때 참 기쁨이 있다는 죠이 정신 (JOY Spirit : Jesus first, Others second, You third... spell JOY)을 토대로 지역교회와 협력하는 선교단체입니다.

현재 서울, 경인, 전주 등 6개 지부, 50여개의 캠퍼스, 아시아 5개국에서 활동 중입니다.

인천대학교 죠이선교회는 1990년부터 시작되어, 예배와 전도, 기도회, 제자훈련 등의 다양한 캠퍼스 활동과 MT와 여름 전국수양회, 겨울 지부수양회와 해외선교여행을 통해 대학생의 신앙생활을 돕습니다.

인천대학교 학우 여러분, 진실한 공동체 안에서 기쁨(JOY)을 함께 누려요!
크리스챤이 아니어도 좋습니다. 신입생이 아니어도 좋습니다.
누구나, 언제든 두드려 주세요 환영합니다~♡

정기모임 : 매주 목요일 저녁 6시 30분,학생복지회관 2층 음악실
동아리방 : 학생복지회관 423호","JOY Mission is a Christian missionary organization based on the JOY spirit—putting **Jesus first, Others second, and Yourself last**—believing that true joy comes from this order. It works in partnership with local churches.

JOY is active across six regions including Seoul, Gyeongin, and Jeonju, operating in over 50 campuses and five countries in Asia.

The Incheon National University JOY Mission chapter began in 1990 and supports students’ spiritual lives through worship, evangelism, prayer meetings, discipleship training, MTs, national summer retreats, winter regional retreats, and overseas mission trips.

You don’t need to be a Christian or a freshman to join. Anyone is welcome to be part of this joyful and sincere community.

Regular meetings: Every Thursday at 6:30 PM in the music room on the 2nd floor of the Student Welfare Center
Club room: Room 423, Student Welfare Center",29
Religious Division,CFM,O,Religious Club,"정기모임 : 대면수업 학기중 매주 월요일 오후 6시, 동아리실에서 수화연습, 예배, 식사교제 등을 진행하고 있습니다. 방학이나 비대면 학기중에는 상황에 따라 시간과 장소 변동이 있습니다.
정기 공연 : 대면 학기 중 1학기당 1회씩 봄, 가을에 교내에서 수화 공연이 있습니다.
수련회 및 엠티 : 타 학교 CFM과 연합으로 수련회는 방학 중 여름과 겨울 1회씩, 엠티의 경우 학기 중 봄과 가을 1회씩 진행합니다.","Regular Meetings: During semesters with in-person classes, we meet every Monday at 6:00 PM in the club room for sign language practice, worship, and fellowship over meals. During vacation periods or online semesters, the time and location may vary depending on circumstances.

Regular Performances: Once per semester, in spring and fall, we hold sign language performances on campus.

Retreats and MTs: In collaboration with CFM clubs from other universities, we host retreats once each in summer and winter during breaks, and MTs once each in spring and fall during the semester.
",30
Religious Division,IVF,O,Religious Club,"한국기독학생회 IVF는 전국 150여 개 캠퍼스에서 '캠퍼스와 세상 속의 하나님 나라 운동'을 모토로 활동하고 있는 복음주의 학생운동 단체입니다.
복음주의 정신, 사람을 세우는 사역, 동역하는 공동체, 기독교적 지성, 현장 중심의 자발성, 총체적 복음사역 6대 핵심가치를 중심으로 오늘도 우리의 삶을 통해 하나님의 주권과 통치를 드러내기 위해 살아가고 있습니다.

정기 모임은 매주 화요일에 드리는 LGM(예배), 목요일마다 모이는 소그룹, 매일 아침 캠퍼스를 위해 기도하는 DPM이 있으며, 그 밖에 사회․ 선교적인 이슈를 두고 고민하거나 직접 체험하며 다양한 신앙의 경험을 하고 있습니다.
소그룹 모임에서는 말씀을 읽고 나누는 시간은 갖거나, 함께 식사하기도 하고, 원한다면 때로는 여행을 가기도 합니다!

캠퍼스에서 신앙공동체를 만나, 함께 예배드리고, 말씀을 읽고 나누며, 서로의 이야기를 공유하고 싶으신 분, 부담 없이 저희를 찾아주세요!","The Korea InterVarsity Christian Fellowship (IVF) is an evangelical student movement active on over 150 campuses nationwide, operating under the motto “Advancing God’s Kingdom on Campus and in the World.”

IVF is built on six core values: evangelical spirit, raising people through ministry, collaborative community, Christian intellect, field-centered initiative, and holistic gospel mission. Guided by these principles, we strive to reveal God’s sovereignty and reign through our daily lives.

Our regular activities include weekly Tuesday worship services (LGM), Thursday small groups, and daily morning campus prayers (DPM). We also engage with social and mission-related issues through reflection and hands-on experiences to deepen our faith.

Small group meetings may include Bible reading and sharing, shared meals, or even trips together if members wish.

If you’re looking for a faith community on campus where you can worship, read the Word, and share life with others, feel free to stop by and join us!
",31
Religious Division,JDM,O,Religious Club,"Q. JDM이 무엇인가요??
A. JDM이란 Jesus Deciple movement의 약자로 예수 제자 운동의 줄임말입니다!!
JDM은 대학 캠퍼스에서 선교와 제자삼기 운동을 하고 있는 기독교 동아리입니다!!

JDM의 활동들
1. 채플 : 채플은 일주일에 한 번 JDM 인천대 학생들이 함께 모여 예배드리는 시간입니다.
2. 소그룹 : JDM의 가장 중요한 활동중 하나로 리더와 지체가 함께 모여서 성경공부와 삶의 나눔 또는 함께 교제하는 시간을 가지는 활동입니다.
3. 사경회 : 1년에 한 번 지구별로 진행합니다 사경회는 성경을 자세히 공부하는 시간으로써 성경에 대한 깊은 이해를 누릴 수 있는 시간입니다.
4. 계절 집회 : 여름에는 전국이 함께하는 대학 여름집회로 겨울에는 지구별로 진행하는 겨울집회로 진행됩니다! 방학에도 함께 모여서 말씀과 기도로 나아갈 수 있는 시간입니다!","Q. What is JDM?
A. JDM stands for **Jesus Disciple Movement**, a Christian club focused on campus missions and discipleship.

**JDM Activities**

1. **Chapel**: A weekly worship service where JDM members at INU gather to praise and worship together.
2. **Small Groups**: One of the most essential parts of JDM, where members and leaders meet to study the Bible, share life stories, and enjoy fellowship.
3. **Bible Conference**: Held once a year by region, it's a time for in-depth Bible study and gaining a deeper understanding of Scripture.
4. **Seasonal Gatherings**: In summer, a national college conference is held; in winter, regional retreats take place. These gatherings provide a time of worship and prayer even during school breaks.",32
Religious Division,CCC,O,Religious Club,"CCC는 “MOVEMENT EVERYWHERE” 라는 슬로건을 가지고 영적재생산을 해나가는 기독교 동아리입니다. 현재(23년 5월) 인천대CCC는 약 90명의 멤버가 있으며 정기적인 예배와 다양한 소모임들이 있습니다.주 1회 1:1 멘토멘티 활동을 기본으로 진행하며, 모든 멤버가 모이는 캠퍼스모임은 월요일마다 있습니다.

해외선교, 여름수련회, 금식수련회 등 방학 중 활동도 활발히 진행하고 있습니다.이미 크리스천인 당신을 환영하고, 크리스천이 아닌 당신 또한 환영합니다.

하나님의 사랑을 같이 배워가고 행복한 캠퍼스라이프를 즐기고픈 당신, 주저하지말고 함께해요~:)","CCC is a Christian club with the slogan “MOVEMENT EVERYWHERE,” dedicated to spiritual multiplication.

As of May 2023, Incheon National University’s CCC has around 90 members and hosts regular worship services and various small group gatherings. A core part of our activities includes weekly one-on-one mentor-mentee meetings, and all members come together for a campus-wide meeting every Monday.

We also actively engage in missions and retreats during breaks, including overseas missions, summer retreats, and fasting retreats.

Whether you're already a Christian or just curious, you're welcome to join us in learning about God’s love and enjoying a joyful campus life together.
",33
Religious Division,가톨릭학생회,O,Religious Club,"안녕하세요 가톨릭학생회입니다.
저희 동아리는 학생회관 428호에 위치하고 있으며 가톨릭 관련 활동을 하고 있습니다.
매주 정해진 시간에 맞춰 부원들과 회합을 가지며, 또 매달 교구청 신부님과의 월례미사를 가집니다.
인하대학교, 인천가톨릭대학교와 연합 미사를 하기도 하며, 부활절 계란 만들기, 대림관 만들기 등의 활동을 합니다. 또한 MT, 체육대회 등등 친목도모 활동도 많이 준비되어 있습니다.
성당오빠, 성당언니들답게 대 선배님들의 지원이 아주 좋으며, 졸업 후에도 동아리 부원들끼리 모임을 많이 가지는 활발한 동아리입니다.","The Catholic Student Association is located in Room 428 of the Student Union Building and engages in various Catholic-related activities.

We hold regular meetings with members each week and a monthly Mass with a diocesan priest. The club also participates in joint Masses with other universities, such as Inha University and Incheon Catholic University. Seasonal events like making Easter eggs and Advent wreaths are also part of our activities.

We host many social events, including MTs and sports days. True to the warm and supportive nature of the Catholic community, alumni remain actively involved, with many gatherings continuing even after graduation.",34