logoimg,topic,company_name,visatype,company_location,hiring_type,part,
https://dw42ybivffkam.cloudfront.net/0d0725c0-6762-42a5-9955-ede5e6e849c3.jpeg?format=auto&width=1920&quality=100,Solder Paste Technology Developer,엠케이전자,E-7 Sponsors,"Eumseong-gun, Chungcheongbuk-do",Temporary,R&D,
https://dw42ybivffkam.cloudfront.net/9cf33b0c-62b6-4251-92eb-4bd181b764c2.png?format=auto&width=1920&quality=100,Recruiting foreign service/marketing planning/publisher,(주)전북은행,,"Yeongdeungpo-gu, Seoul",Intern,Marketing/Ads,
https://dw42ybivffkam.cloudfront.net/8d2d9b78-d325-4d5f-af08-0270e53b7b63.png?format=auto&width=1920&quality=100,Recruitment for Samji Electronics Signal Processing Team,삼지전자,E-7 Sponsors,"Hwaseong-si, Gyeonggi-do",Full Time,Etc,
https://dw42ybivffkam.cloudfront.net/6f12a921-6b4c-4784-a182-723fd71abb90.png?format=auto&width=1920&quality=100,"StemOn Co., Ltd. Recruiting new and experienced embedded developers (foreigners welcome to apply)",주식회사 스템온,E-7 Sponsors,"Seongnam-si, Gyeonggi-do",Full Time,IT,
https://dw42ybivffkam.cloudfront.net/2e1cfad9-e1e0-48f7-8ee3-6d69a82c19ca.png?format=auto&width=1920&quality=100,[Digital Healthcare] Global Business Development Manager (US RTM Market),주식회사 엑소시스템즈,E-7 Sponsors,"Seongnam-si, Gyeonggi-do",Full Time,Marketing/Ads,
https://dw42ybivffkam.cloudfront.net/bb0047c9-b748-4483-b589-5f87566deb80.png?format=auto&width=1920&quality=100,Hyundai Elevator ‘25 Summer Global Internship (Experiential Internship for Foreign Students) (Extended until 6/22 (Sun)),현대엘리베이터,,"Jongno-gu, Seoul",Intern,Office/Administration,
https://dw42ybivffkam.cloudfront.net/fc0b4940-40bb-47bd-b480-19346ad90543.png?format=auto&width=1920&quality=100,[Foodology/Puli/Objet] English-speaking influencer marketing (intern),(주)어댑트,,"Gangnam-gu, Seoul",Intern,Marketing/Ads,
https://dw42ybivffkam.cloudfront.net/a9976cf1-ba1b-4e0f-a03c-de418df8546a.jpeg?format=auto&width=1920&quality=100,Performance Marketer (Japan Business),에이블리코퍼레이션,E-7 Sponsors,"Seocho-gu, Seoul",Full Time,Marketing/Ads,
https://dw42ybivffkam.cloudfront.net/s3-kowork-company-logos/50571841-054a-4ab0-9ccc-e815839504e3.png?format=auto&width=1920&quality=100,Hiring Italian Freelance Translators,글나무주식회사,,"Jongno-gu, Seoul",Freelance,Translation,
https://dw42ybivffkam.cloudfront.net/s3-kowork-company-logos/9672f93c-836a-4618-886e-0150c18b0610.jpeg?format=auto&width=1920&quality=100,"Full-time: Teach Corporate English in Ulsan, Buk-gu (Benefits!)",SPEP,,"Ulju-gun, Ulsan",Full Time,Education,
https://dw42ybivffkam.cloudfront.net/a7b70694-d2c8-4d3d-ac8f-9bde49b90257.png?format=auto&width=1920&quality=100,"Recruiting Cambodia Sales and Marketing Representatives (D2, D10, F2, F5, F6)",지에이티글로벌,,"Goyang-si, Gyeonggi-do",Part Time,Sales/CS,
https://dw42ybivffkam.cloudfront.net/30e1e139-acc9-462f-8c3d-9af152cc4f21.png?format=auto&width=1920&quality=100,[Excellent Welfare] Jewelry Plastic Surgery is looking for a Japanese marketer.,쥬얼리성형외과,E-7 Sponsors,"Gangnam-gu, Seoul",Full Time,Marketing/Ads,
https://dw42ybivffkam.cloudfront.net/44e750e1-196d-4eac-a3a6-3cb25bcbca31.jpeg?format=auto&width=1920&quality=100,Webtoon English Translation Content Review (English-speaking),메타크래프트,E-7 Sponsors,"Guro-gu, Seoul",Temporary,Translation,
https://dw42ybivffkam.cloudfront.net/3850be35-f93d-4497-ab96-a255ac785382.jpeg?format=auto&width=1920&quality=100,Multicultural teacher in kindergartens,나무꿈터협동조합,,"Goyang-si, Gyeonggi-do",Freelance,Education,
https://dw42ybivffkam.cloudfront.net/6a26e442-3b52-4112-8b70-456f6c330b73.png?format=auto&width=1920&quality=100,Restaurant kitchen assistant,대게바라 원주점,,"Wonju-si, Gangwon-do",Part Time,Service,
https://dw42ybivffkam.cloudfront.net/288bc7bd-604d-433a-9eeb-2274baa77c58.png?format=auto&width=1920&quality=100,Personal Color Analyst,Koreal,,"Jung-gu, Seoul",Freelance,Service,
https://dw42ybivffkam.cloudfront.net/s3-kowork-company-logos/4d52bb0c-7036-42ed-bef7-96b87d6067d7.png?format=auto&width=1920&quality=100,[Gmoneytrans] Digital Marketing Team Recruitment,지머니트랜스 주식회사,,"Jongno-gu, Seoul",Full Time,Marketing/Ads,
https://dw42ybivffkam.cloudfront.net/3c8ba0fc-93db-45d4-be34-f3653c1d7922.png?format=auto&width=1920&quality=100,Recruiting overseas marketing coordinators for hospitals in each country,메디맵 주식회사,,"Songpa-gu, Seoul",Full Time,Etc,
https://dw42ybivffkam.cloudfront.net/f4e5d5a7-e8c8-4cf1-beef-e1f4f87da079.png?format=auto&width=1920&quality=100,[Seoul/Over 3ys] Sales Analytics Manager(Full-time/Permanent),상상인그룹,,"Gangnam-gu, Seoul",Full Time,Office/Administration,
https://dw42ybivffkam.cloudfront.net/92c1993b-763e-480a-9d2f-279bd9106df3.jpeg?format=auto&width=1920&quality=100,Crown Confectionery International Internship Program,(주) 크라운제과,,"Yongsan-gu, Seoul",Intern,Office/Administration,
https://dw42ybivffkam.cloudfront.net/s3-kowork-company-logos/83d13b94-2e77-481c-a221-544f04a0ffde.jpeg?format=auto&width=1920&quality=100,Hiring Japanese online/sns marketers,데이지에스앤씨,,E-7 Sponsors,"Seocho-gu, Seoul",Full Time,
https://dw42ybivffkam.cloudfront.net/ba79f6b3-3cb1-42d7-9d71-f2020ec6c51e.jpeg?format=auto&width=1920&quality=100,Game Project Manager(PM) Associate (Internship),(주) 네오위즈,,"Seongnam-si, Gyeonggi-do",Intern,Office/Administration,
https://dw42ybivffkam.cloudfront.net/a0472d84-08a5-44b5-a8bc-b98539157949.png?format=auto&width=1920&quality=100,Taiwanese Translator (Contract),(주) 이팝소프트,,"Gangnam-gu, Seoul",Freelance,Translation,
https://dw42ybivffkam.cloudfront.net/ec3b2c68-2121-494a-a01f-105fef89cd65.png?format=auto&width=1920&quality=100,[Marketing] Taiwan Team Influencer Marketer (Preference given to those with experience in beauty and cosmetics),일레븐코퍼레이션,,"Jung-gu, Seoul",Full Time,Marketing/Ads,
https://dw42ybivffkam.cloudfront.net/ec3b2c68-2121-494a-a01f-105fef89cd65.png?format=auto&width=1920&quality=100,[Marketing] Taiwan Team Marketer (Team Leader),일레븐코퍼레이션,,"Jung-gu, Seoul",Full Time,Marketing/Ads,
https://dw42ybivffkam.cloudfront.net/8de89380-f978-4b72-ab42-39821ef3bc0c.png?format=auto&width=1920&quality=100,Russian Sales Position (Only Russians can apply),하이드로스타,,E-7 Sponsors,"Haeundae-gu, Busan",Full Time,
https://dw42ybivffkam.cloudfront.net/38bfcbf3-f4ef-466b-9ab4-fcd9e842ad03.png?format=auto&width=1920&quality=100,[L&B] Recruiting for office assistant part-time job (Chinese required - Chinese preferred),엘앤비 (L&B),,"Buk-gu, Daegu",Part Time,Office/Administration,
https://dw42ybivffkam.cloudfront.net/3c8ba0fc-93db-45d4-be34-f3653c1d7922.png?format=auto&width=1920&quality=100,"Medimap Co., Ltd. Overseas (Taiwan) SNS Content Marketer Recruitment",메디맵 주식회사,,"Songpa-gu, Seoul",Full Time,Marketing/Ads,
https://dw42ybivffkam.cloudfront.net/818efcdd-40ed-4f76-9ecd-bb06bc689a60.jpeg?format=auto&width=1920&quality=100,Hotel SKYPARK is Looking for Front desk staffs / E-7 visa spornsorship,Hotel SKYPARK,,E-7 Sponsors,"Jung-gu, Seoul",Full Time,
https://dw42ybivffkam.cloudfront.net/818efcdd-40ed-4f76-9ecd-bb06bc689a60.jpeg?format=auto&width=1920&quality=100,Hotel Ramen Cafe hall-serving,Hotel SKYPARK,,"Jung-gu, Seoul",Part Time,Service,
https://dw42ybivffkam.cloudfront.net/s3-kowork-company-logos/d8bd6797-a14a-4e49-97d2-7e76405db7e0.jpeg?format=auto&width=1920&quality=100,[Weekend Work] Looking for someone to gain practical experience and fulfill their dream of becoming a chef.,라라북천,,"Hadong-gun, Gyeongsangnam-do",Full Time,Etc,
https://dw42ybivffkam.cloudfront.net/fc0b4940-40bb-47bd-b480-19346ad90543.png?format=auto&width=1920&quality=100,[Foodology/Puli/Object] Chinese Content Translation (Intern),(주)어댑트,,"Gangnam-gu, Seoul",Intern,Translation,
https://dw42ybivffkam.cloudfront.net/s3-kowork-company-logos/ccbd0031-6cc8-49cb-adac-c24bbc0da527.png?format=auto&width=1920&quality=100,Recruiting Medical Consultants (MEDICAL CONSULTANT),메디팩트(MEDIPACT),,"Gwanak-gu, Seoul",Freelance,Etc,
https://dw42ybivffkam.cloudfront.net/a7b70694-d2c8-4d3d-ac8f-9bde49b90257.png?format=auto&width=1920&quality=100,"Recruiting Indonesian Sales and Marketing Representatives (D2, D10, F2, F5, F6)",지에이티글로벌,,"Goyang-si, Gyeonggi-do",Part Time,Sales/CS,
https://dw42ybivffkam.cloudfront.net/a7b70694-d2c8-4d3d-ac8f-9bde49b90257.png?format=auto&width=1920&quality=100,"Recruiting Filipino Sales and Marketing Representatives (D2, D10, F2, F5, F6)",지에이티글로벌,,"Goyang-si, Gyeonggi-do",Part Time,Sales/CS,
https://dw42ybivffkam.cloudfront.net/1838487e-a093-4261-85ff-0cd42b856238.png?format=auto&width=1920&quality=100,Vietnam CS Part-time Job Recruitment,에스비아이코스머니,,"Gangnam-gu, Seoul",Part Time,Sales/CS,
https://dw42ybivffkam.cloudfront.net/0081ddd5-8da4-44e0-851b-79c4298e6403.png?format=auto&width=1920&quality=100,Overseas Marketing Part-time Job Hiring / No Experience Required,(주)더비코,,"Gangnam-gu, Seoul",Part Time,Marketing/Ads,
https://dw42ybivffkam.cloudfront.net/s3-kowork-company-logos/6b8d0db3-2ab3-420e-9390-574899c6aa96.png?format=auto&width=1920&quality=100,[ohora] US Market Influencer Marketer,Glluga,,"Jung-gu, Seoul",Full Time,Marketing/Ads,
https://dw42ybivffkam.cloudfront.net/s3-kowork-company-logos/45c2acbd-7323-4130-a252-2de0ce084b7f.jpeg?format=auto&width=1920&quality=100,[Macrogen] Recruitment of interns for overseas sales (genetic analysis) to become full-time employees,(주)마크로젠,,"Gangnam-gu, Seoul",Intern,Sales/CS,
https://dw42ybivffkam.cloudfront.net/fc0b4940-40bb-47bd-b480-19346ad90543.png?format=auto&width=1920&quality=100,[Foodology/Puli/Objet] Hong Kong Influencer Marketer (New),(주)어댑트,,"Gangnam-gu, Seoul",Full Time,Marketing/Ads,
https://dw42ybivffkam.cloudfront.net/a525cf95-ff74-46a1-bad8-e5c31a69fe12.png?format=auto&width=1920&quality=100,"Recruiting Foreign English Teacher (40,000/hr)",아이들이엔씨,,"Seongdong-gu, Seoul",Temporary,Education,
https://dw42ybivffkam.cloudfront.net/s3-kowork-company-logos/9672f93c-836a-4618-886e-0150c18b0610.jpeg?format=auto&width=1920&quality=100,[FT] Biz Communication Specialist,SPEP,,"Gangnam-gu, Seoul",Full Time,Education,
https://dw42ybivffkam.cloudfront.net/7cebce3f-8f60-4f3e-90f2-824fe23d6538.png?format=auto&width=1920&quality=100,Seeking foreigners who are fluent in English (YouTube video appearances and construction of repair materials),(주)한수나텍,,"Yuseong-gu, Daejeon",Part Time,Marketing/Ads,
https://dw42ybivffkam.cloudfront.net/6582d667-8393-47ea-8b60-4b5a205f6c17.png?format=auto&width=1920&quality=100,[Spoon] Taiwan Promotion Manager,(주) 스푼랩스,,"Gangnam-gu, Seoul",Full Time,Marketing/Ads,
https://dw42ybivffkam.cloudfront.net/1105d2f2-2313-4d0b-8ed0-0d8c7e2200bb.png?format=auto&width=1920&quality=100,[Cellimax] Recruitment for Japan Marketing Support Partner (Part-time),(주)앱솔브랩,,"Gangnam-gu, Seoul",Part Time,Marketing/Ads,
https://dw42ybivffkam.cloudfront.net/195b724d-f477-446d-a2fd-8b203244eb7a.png?format=auto&width=1920&quality=100,[ANUA Anua] North American Business Headquarters Influencer Contract Management Manager_PA (Process Assistant),더파운더즈 (주),,"Gangnam-gu, Seoul",Full Time,Marketing/Ads,
https://dw42ybivffkam.cloudfront.net/7f43f8fb-328d-46c8-b607-8729d93bf1dc.jpeg?format=auto&width=1920&quality=100,Content Creator - Arabic-Language Social Media,예스아시아닷컴코리아(주),,E-7 Sponsors,"Seocho-gu, Seoul",Full Time,
https://dw42ybivffkam.cloudfront.net/s3-kowork-company-logos/39e76e05-5bae-4790-ac26-2e1dd551a23f.png?format=auto&width=1920&quality=100,English Teacher,오슈어 스튜디오,,"Guro-gu, Seoul",Full Time,Education,
https://dw42ybivffkam.cloudfront.net/7c31f4bf-31a7-4c96-ac73-57a860802f7f.png?format=auto&width=1920&quality=100,[Abib / NAMING.] China Business Team Marketer ( Intern),(주)포컴퍼니,,"Gangnam-gu, Seoul",Intern,Marketing/Ads,
https://dw42ybivffkam.cloudfront.net/f54374f3-f59e-44a9-8738-95f246c47ef6.png?format=auto&width=1920&quality=100,Recruitment of Quality CS Manager,코칩(주),,E-7 Sponsors,"Siheung-si, Gyeonggi-do",Full Time,
https://dw42ybivffkam.cloudfront.net/b91699d3-7bfe-4f24-8a2f-65f301b66494.png?format=auto&width=1920&quality=100,[Challengers] Operations Intern (Japan Business Division),화이트큐브,,"Gangnam-gu, Seoul",Intern,Office/Administration,
https://dw42ybivffkam.cloudfront.net/461bb36c-2229-487c-9591-08cbea09b163.png?format=auto&width=1920&quality=100,Online Platform&Social Media Content Designer,Momentum,,E-7 Sponsors,"Yongsan-gu, Seoul",Full Time,
https://dw42ybivffkam.cloudfront.net/d5b73660-3b4a-4365-8204-204096dba1aa.png?format=auto&width=1920&quality=100,Cleaning of guest rooms and facilities,주식회사 페텔,,"Geochang-gun, Gyeongsangnam-do",Full Time,Etc,
https://dw42ybivffkam.cloudfront.net/3318f558-62b0-411a-803f-74cb112a4443.png?format=auto&width=1920&quality=100,"Kids English Center Needs English Speaking Staff *Part-Time* (Jamsil, Seoul)",주식회사 위니코퍼레이션,,"Songpa-gu, Seoul",Temporary,Education,
https://dw42ybivffkam.cloudfront.net/3318f558-62b0-411a-803f-74cb112a4443.png?format=auto&width=1920&quality=100,Native/Native level English speaking staff,주식회사 위니코퍼레이션,,"Songpa-gu, Seoul",Full Time,Education,
https://dw42ybivffkam.cloudfront.net/a656a0d1-7e90-4b31-9f24-ce0944ee3f8c.png?format=auto&width=1920&quality=100,Job openings for foreign staff at Dr. Cho's Grill,홍천조박사화로구이,,"Hongcheon-gun, Gangwon-do",Temporary,Etc,
https://dw42ybivffkam.cloudfront.net/32f37163-a3f2-426b-b337-a95de6da28f9.png?format=auto&width=1920&quality=100,Full-Time: Junior Literature Instructor in Seoul,OSP(원스탑프렙),,"Gangnam-gu, Seoul",Full Time,Education,
https://dw42ybivffkam.cloudfront.net/s3-kowork-company-logos/9672f93c-836a-4618-886e-0150c18b0610.jpeg?format=auto&width=1920&quality=100,"[FT] Biz English Instructor - Seoul/Gyeonggi, Cheongju (Full Housing Provided)",SPEP,,"Gangnam-gu, Seoul",Full Time,Education,
https://dw42ybivffkam.cloudfront.net/411d81bc-a3be-4d80-ba4a-9e7b2ef5cd78.jpeg?format=auto&width=1920&quality=100,Business Support Operator,(주) 씨트립코리아,,"Jongno-gu, Seoul",Full Time,Office/Administration,
https://dw42ybivffkam.cloudfront.net/8a815345-6cdd-405d-b8b4-233bca244ea9.png?format=auto&width=1920&quality=100,[Cutback] AI Data Operations & Labeling Manager,Cutback,,"Gangnam-gu, Seoul",Full Time,IT,
https://dw42ybivffkam.cloudfront.net/461bb36c-2229-487c-9591-08cbea09b163.png?format=auto&width=1920&quality=100,Overseas Online Marketplace (Amazon) Expert Consultant (Japanese),Momentum,,E-7 Sponsors,"Yongsan-gu, Seoul",Full Time,
https://dw42ybivffkam.cloudfront.net/d5b73660-3b4a-4365-8204-204096dba1aa.png?format=auto&width=1920&quality=100,Recruitment of Physical Education Instructor and Forest Recreation Center Manager,주식회사 페텔,,"Geochang-gun, Gyeongsangnam-do",Full Time,Service,
https://dw42ybivffkam.cloudfront.net/4afde0cd-d08c-4f6d-81b0-7990b96df4ca.png?format=auto&width=1920&quality=100,English-Speaking Online Market,링크성형외과의원,,E-7 Sponsors,"Gangnam-gu, Seoul",Full Time,
https://dw42ybivffkam.cloudfront.net/c83ff9a6-5596-46d0-b170-3f08b80d5f0c.png?format=auto&width=1920&quality=100,"ROASTERY in JEJU ""MAISON NOTRE TERRE "" BRISTA & PATISSIER. Maison Notre Terre Barista, Pastry Bakery",메종노트르테르,,"Seogwipo-si, Jeju-do",Temporary,Production/Manufacturing,
https://dw42ybivffkam.cloudfront.net/4271d894-494b-487d-a0bb-b4f979ab20f3.jpeg?format=auto&width=1920&quality=100,[Crowdworks] Thai/Cambodian speaking! (English/Korean),(주)크라우드웍스,,"Gangnam-gu, Seoul",Temporary,Etc,
https://dw42ybivffkam.cloudfront.net/s3-kowork-company-logos/32cc3272-ecd6-4967-a76c-2db470216aa3.png?format=auto&width=1920&quality=100,"Biz English Instructor | Part-Time in Cheonan, Chungnam",에듀컴퍼니,,"Cheonan-si, Chungcheongnam-do",Freelance,Education,
https://dw42ybivffkam.cloudfront.net/fa3b19ca-961d-4197-abe8-faac67ea388b.png?format=auto&width=1920&quality=100,Hiring Indian Digital Content Researcher,넵튠,,"Gangnam-gu, Seoul",Intern,Etc,
https://dw42ybivffkam.cloudfront.net/43d80e22-34c9-4968-b4ad-3b3b8182c756.jpeg?format=auto&width=1920&quality=100,B2B online platform overseas sales representative career position,크레이버코퍼레이션(주),,"Gangnam-gu, Seoul",Full Time,Sales/CS,
https://dw42ybivffkam.cloudfront.net/01f48b47-8f55-403f-bcc2-9b8911c44202.png?format=auto&width=1920&quality=100,[Cookie Run: Bravers] Global Marketer,데브시스터즈(주),,"Gangnam-gu, Seoul",Full Time,Marketing/Ads,
https://dw42ybivffkam.cloudfront.net/2341dda6-79c4-47e4-a926-cb0ae421b28b.png?format=auto&width=1920&quality=100,[Playo] Japan CS manager (part-time job),지엔에이컴퍼니,,"Seocho-gu, Seoul",Part Time,Sales/CS,
https://dw42ybivffkam.cloudfront.net/2341dda6-79c4-47e4-a926-cb0ae421b28b.png?format=auto&width=1920&quality=100,"[Playo] Taiwan CS manager (part-time, concurrent job)",지엔에이컴퍼니,,"Seocho-gu, Seoul",Part Time,Sales/CS,
https://dw42ybivffkam.cloudfront.net/76674c88-fad2-41c4-be5b-b12bb59bb60a.png?format=auto&width=1920&quality=100,Meat production assistance and import/export,주식회사 신화미트,,"Geumcheon-gu, Seoul",Full Time,Production/Manufacturing,
https://dw42ybivffkam.cloudfront.net/c84dbbb2-d6f9-4a46-bcc7-6610af37c934.png?format=auto&width=1920&quality=100,"[Japanese] Plastic Surgery Japan CS Team - Consulting Manager, Management Support Recruitment",(주)나모,,"Gangnam-gu, Seoul",Full Time,Sales/CS,
https://dw42ybivffkam.cloudfront.net/5829a782-cea1-4e6e-bf50-355abcb0908d.jpeg?format=auto&width=1920&quality=100,English conversation and import business assistance,(주)더퍼스트앤코,,"Wonju-si, Gangwon-do",Full Time,Transportation/Logistics,
https://dw42ybivffkam.cloudfront.net/64152114-e045-4f8e-b3ce-226b79f88395.png?format=auto&width=1920&quality=100,Embedded Firmware Engineer,(주) 위즈네트,,E-7 Sponsors,"Seongnam-si, Gyeonggi-do",Full Time,
https://dw42ybivffkam.cloudfront.net/ee4e58f5-6f2c-44ca-9bee-f6409eaec34a.png?format=auto&width=1920&quality=100,(Russian and English speaking) Overseas sales (CIS) (Full-time),샘표식품 주식회사,,"Jung-gu, Seoul",Full Time,Sales/CS,
https://dw42ybivffkam.cloudfront.net/f1454403-b785-4aad-8bf1-3ad311f78e0c.jpeg?format=auto&width=1920&quality=100,[Celltrion Skincure] 2025 Global Marketing Intern Recruitment,(주)셀트리온스킨큐어,,"Seocho-gu, Seoul",Intern,Marketing/Ads,
https://dw42ybivffkam.cloudfront.net/ee2a6ac4-3496-488a-9d9d-9400d731615f.png?format=auto&width=1920&quality=100,Site Manager,퍼마스틸리사가트너리테일홍콩리미티드,,"Gangnam-gu, Seoul",Full Time,Construction,
https://dw42ybivffkam.cloudfront.net/50dd6cfe-2115-452c-b0ca-804dc101cc17.jpeg?format=auto&width=1920&quality=100,[Qualitas Semiconductor] Application Engineer (Chinese National) New/Experienced Recruitment,(주)퀄리타스반도체,,"Seongnam-si, Gyeonggi-do",Full Time,IT,
https://dw42ybivffkam.cloudfront.net/s3-kowork-company-logos/535c8a77-5822-4ce5-ab1d-bbb70dcb2407.png?format=auto&width=1920&quality=100,Freelance Korean-English Editor,Stella&,,"Gangnam-gu, Seoul",Temporary,Translation,
https://dw42ybivffkam.cloudfront.net/s3-kowork-company-logos/50571841-054a-4ab0-9ccc-e815839504e3.png?format=auto&width=1920&quality=100,Translation company Gnamu is hiring a native English editor with a career,글나무주식회사,,"Jongno-gu, Seoul",Full Time,Translation,
https://dw42ybivffkam.cloudfront.net/3ff28cae-510b-42e5-ac3a-4fb8d3509384.png?format=auto&width=1920&quality=100,Overseas Business Management (Arabic),피닉스다트,,E-7 Sponsors,"Guro-gu, Seoul",Full Time,
https://dw42ybivffkam.cloudfront.net/40099d4f-4f25-42a3-9f1b-d5ce309febf6.png?format=auto&width=1920&quality=100,Global Sales Manager (USA),한화비전(주),,"Seongnam-si, Gyeonggi-do",Full Time,Sales/CS,
https://dw42ybivffkam.cloudfront.net/c84dbbb2-d6f9-4a46-bcc7-6610af37c934.png?format=auto&width=1920&quality=100,[Japanese-speaking] Recruiting Marketing/Management Support Team Members,(주)나모,,"Gangnam-gu, Seoul",Full Time,Marketing/Ads,
https://dw42ybivffkam.cloudfront.net/000665cd-d93c-455e-a5c4-369f682dbc62.jpeg?format=auto&width=1920&quality=100,"Live Dental Hospital Overseas Marketer Recruitment (Vietnam, China)",라이브치과병원,,"Gangnam-gu, Seoul",Full Time,Marketing/Ads,
https://dw42ybivffkam.cloudfront.net/edaaa4ab-ab1e-425e-9380-cfc7fe765141.png?format=auto&width=1920&quality=100,U+ Headquarters Agency Sales Industry Staff and Part-time Freelance Recruitment Announcement _Gwangju Metropolitan City,엘지유플러스 서희정보,,"Buk-gu, Gwangju",Freelance,Sales/CS,
https://dw42ybivffkam.cloudfront.net/f54374f3-f59e-44a9-8738-95f246c47ef6.png?format=auto&width=1920&quality=100,"Recruitment of overseas sales representative for COCHIP Co., Ltd.",코칩(주),,E-7 Sponsors,"Siheung-si, Gyeonggi-do",Full Time,
https://dw42ybivffkam.cloudfront.net/33933378-c56b-454d-aa28-98027f67c68f.png?format=auto&width=1920&quality=100,Middle East (Arabic)/Marketing and Sales Support/Business Support Representative (Content Creator),에이드코리아 컴퍼니(주),,"Songpa-gu, Seoul",Full Time,Marketing/Ads,
https://dw42ybivffkam.cloudfront.net/b5ed5ada-5a3c-47b6-be4f-ffddeaec86a5.png?format=auto&width=1920&quality=100,Chinese/English speaking / Experienced candidate with knowledge of fabrics (preference will be given to those who can travel to China),메리디안글로벌,,E-7 Sponsors,"Seongdong-gu, Seoul",Full Time,
https://dw42ybivffkam.cloudfront.net/3ff28cae-510b-42e5-ac3a-4fb8d3509384.png?format=auto&width=1920&quality=100,Overseas Business Management (France),피닉스다트,,E-7 Sponsors,"Guro-gu, Seoul",Full Time,
https://dw42ybivffkam.cloudfront.net/6e3b9018-2a32-4e42-b123-47b2739d8c8f.png?format=auto&width=1920&quality=100,"Recruit Hanpass Co.,Ltd (country marketing/cs)",한패스(주),,"Seongdong-gu, Seoul",Temporary,Sales/CS,
https://dw42ybivffkam.cloudfront.net/15e62405-919a-4b58-8afb-766f54f43823.png?format=auto&width=1920&quality=100,Italian Localization/CM/CS Manager,Com2uS,,E-7 Sponsors,"Geumcheon-gu, Seoul",Temporary,
https://dw42ybivffkam.cloudfront.net/15e62405-919a-4b58-8afb-766f54f43823.png?format=auto&width=1920&quality=100,Localization PM (Staff to Deputy Manager level),Com2uS,,E-7 Sponsors,"Geumcheon-gu, Seoul",Full Time,
https://dw42ybivffkam.cloudfront.net/15e62405-919a-4b58-8afb-766f54f43823.png?format=auto&width=1920&quality=100,Chinese (Simplified) <-> Korean Localization/CS Manager,Com2uS,,E-7 Sponsors,"Geumcheon-gu, Seoul",Temporary,
https://dw42ybivffkam.cloudfront.net/1838487e-a093-4261-85ff-0cd42b856238.png?format=auto&width=1920&quality=100,[Gimhae] Myanmar Sales Weekend shift,에스비아이코스머니,,E-7 Sponsors,"Gimhae-si, Gyeongsangnam-do",Part Time,
https://dw42ybivffkam.cloudfront.net/1838487e-a093-4261-85ff-0cd42b856238.png?format=auto&width=1920&quality=100,[Gimhae] Thai Sales Weekend shift,에스비아이코스머니,,E-7 Sponsors,"Gimhae-si, Gyeongsangnam-do",Part Time,
https://dw42ybivffkam.cloudfront.net/1838487e-a093-4261-85ff-0cd42b856238.png?format=auto&width=1920&quality=100,[Gimhae] Cambodia Sales Weekend shift,에스비아이코스머니,,E-7 Sponsors,"Gimhae-si, Gyeongsangnam-do",Part Time,
https://dw42ybivffkam.cloudfront.net/1838487e-a093-4261-85ff-0cd42b856238.png?format=auto&width=1920&quality=100,[Gimhae] Philippines Sales Weekend shift,에스비아이코스머니,,E-7 Sponsors,"Gimhae-si, Gyeongsangnam-do",Part Time,
https://dw42ybivffkam.cloudfront.net/1838487e-a093-4261-85ff-0cd42b856238.png?format=auto&width=1920&quality=100,[Gimhae] Indonesia Sales Weekend shift,에스비아이코스머니,,E-7 Sponsors,"Gimhae-si, Gyeongsangnam-do",Part Time,
https://dw42ybivffkam.cloudfront.net/3685336f-80b0-4136-8ac0-ab8510170a26.png?format=auto&width=1920&quality=100,"F-2, F-4, F-5, F-6 Visa for Automotive-related Technical Job Open Recruitment",주식회사 엠리무진,,"Yongin-si, Gyeonggi-do",Temporary,Production/Manufacturing,
https://dw42ybivffkam.cloudfront.net/32f37163-a3f2-426b-b337-a95de6da28f9.png?format=auto&width=1920&quality=100,"Full-time Advanced Math Instructor in Seoul, Apgujeong (Seoul Apgujeong)",OSP(원스탑프렙),,"Gangnam-gu, Seoul",Full Time,Education,
https://dw42ybivffkam.cloudfront.net/2341dda6-79c4-47e4-a926-cb0ae421b28b.png?format=auto&width=1920&quality=100,[플레이오] [Japan] Customer Success Manager,지엔에이컴퍼니,,E-7 Sponsors,"Seocho-gu, Seoul",Full Time,
https://dw42ybivffkam.cloudfront.net/658ca2f3-8c42-4eca-be45-cf27ecb614a2.jpeg?format=auto&width=1920&quality=100,Social Media Marketing Intern (English Native-speaker),(주) 오렌지스퀘어,,"Guro-gu, Seoul",Intern,Marketing/Ads,
https://dw42ybivffkam.cloudfront.net/b57ece5e-169f-4cfa-bf23-daf7f67396e1.jpeg?format=auto&width=1920&quality=100,Freelance Content Creator - Short Form,스테이샵,,"Yongsan-gu, Seoul",Freelance,Marketing/Ads,
https://dw42ybivffkam.cloudfront.net/s3-kowork-company-logos/9672f93c-836a-4618-886e-0150c18b0610.jpeg?format=auto&width=1920&quality=100,[PT] Intensive Biz English Instructor,SPEP,,"Gangnam-gu, Seoul",Temporary,Education,
https://dw42ybivffkam.cloudfront.net/86e37b7c-2d64-44e0-9350-8789522a2d94.jpeg?format=auto&width=1920&quality=100,Daeryun Law Firm (Limited) Future Strategy Office Recruitment of English-American Nationality Secretary,법무법인(유한) 대륜,,"Seocho-gu, Seoul",Full Time,Office/Administration,
https://dw42ybivffkam.cloudfront.net/69677bac-1ec6-40fb-949d-ae104e2e4ce9.png?format=auto&width=1920&quality=100,[New/Experienced] China Overseas Sales B2B,(주)미미박스,,"Gangnam-gu, Seoul",Full Time,Sales/CS,
https://dw42ybivffkam.cloudfront.net/86e37b7c-2d64-44e0-9350-8789522a2d94.jpeg?format=auto&width=1920&quality=100,Daeryun Law Firm (Limited) Future Strategy Office Japanese Secretary Recruitment (Seoul),법무법인(유한) 대륜,,"Seocho-gu, Seoul",Full Time,Office/Administration,
https://dw42ybivffkam.cloudfront.net/c034cde1-f98e-48b6-bf47-8b9a8cbedbdb.png?format=auto&width=1920&quality=100,[Cellimax] Russia/CIS Marketing Intern Recruitment,앱솔브랩,,"Gangnam-gu, Seoul",Intern,Marketing/Ads,
https://dw42ybivffkam.cloudfront.net/86e37b7c-2d64-44e0-9350-8789522a2d94.jpeg?format=auto&width=1920&quality=100,Daeryun Law Firm (Limited) Future Strategy Office Japanese Secretary Recruitment (Busan),법무법인(유한) 대륜,,"Seocho-gu, Seoul",Full Time,Office/Administration,
https://dw42ybivffkam.cloudfront.net/2a48a25d-7b85-49ed-8b13-3029a6b1bf72.png?format=auto&width=1920&quality=100,[Partnership Business Division] Localization Italian Translator (Contract),넥슨코리아,,"Seongnam-si, Gyeonggi-do",Temporary,Translation,
https://dw42ybivffkam.cloudfront.net/2a48a25d-7b85-49ed-8b13-3029a6b1bf72.png?format=auto&width=1920&quality=100,[Partnership Business Division] Localization German Translator (Contract),넥슨코리아,,"Seongnam-si, Gyeonggi-do",Temporary,Translation,
https://dw42ybivffkam.cloudfront.net/22eab811-1ba6-4a77-817e-2d956a856e9b.jpeg?format=auto&width=1920&quality=100,[hince] Cosmetics Global Sales Manager,(주) 비바웨이브,,"Mapo-gu, Seoul",Full Time,Sales/CS,
https://dw42ybivffkam.cloudfront.net/1e4f54f0-13f7-4e49-bb1c-f2291bb72342.jpeg?format=auto&width=1920&quality=100,[Global] Operations Intern (Japan Business Division) (Foreign Exchange Student),(주)화이트큐브,,"Gangnam-gu, Seoul",Intern,Office/Administration,
https://dw42ybivffkam.cloudfront.net/47aa9859-390a-46ce-bb75-5f901dfcd0b2.png?format=auto&width=1920&quality=100,[Vigloo] Japan Content Manager Intern (Closed when recruited),(주) 스푼랩스,,"Gangnam-gu, Seoul",Intern,Marketing/Ads,
https://dw42ybivffkam.cloudfront.net/2f2e087d-aa13-4321-8277-42af917d4ed5.png?format=auto&width=1920&quality=100,Recruitment of Thailand Trade Representative (Thai),(주)문원,,"Gwangjin-gu, Seoul",Full Time,Transportation/Logistics,
https://dw42ybivffkam.cloudfront.net/4271d894-494b-487d-a0bb-b4f979ab20f3.jpeg?format=auto&width=1920&quality=100,"[Crowdworks] Anyone who speaks Southeast Asian languages! (Vietnamese/Malaysian, English/Korean)",(주)크라우드웍스,,"Gangnam-gu, Seoul",Freelance,Etc,
https://dw42ybivffkam.cloudfront.net/cc6c0cb1-a0d9-4672-a4e1-601bccb20241.png?format=auto&width=1920&quality=100,[Living in Korea] Experienced Quality Management member for IVD medical devices,주식회사 케어포유,,E-7 Sponsors,"Anyang-si, Gyeonggi-do",Full Time,
https://dw42ybivffkam.cloudfront.net/s3-kowork-company-logos/9672f93c-836a-4618-886e-0150c18b0610.jpeg?format=auto&width=1920&quality=100,Part-time Adult Biz English Instructor in Seoul/Gyeonggi,SPEP,,"Gangnam-gu, Seoul",Temporary,Education,
https://dw42ybivffkam.cloudfront.net/32f37163-a3f2-426b-b337-a95de6da28f9.png?format=auto&width=1920&quality=100,Full-Benefit: Speaking Test Evaluator,OSP(원스탑프렙),,"Gangnam-gu, Seoul",Temporary,Education,
https://dw42ybivffkam.cloudfront.net/c034cde1-f98e-48b6-bf47-8b9a8cbedbdb.png?format=auto&width=1920&quality=100,[Cellimax] Recruitment for Global Marketing Partner (Part-time) (English-speaking countries),앱솔브랩,,"Gangnam-gu, Seoul",Part Time,Marketing/Ads,
https://dw42ybivffkam.cloudfront.net/c034cde1-f98e-48b6-bf47-8b9a8cbedbdb.png?format=auto&width=1920&quality=100,"[Cellimax] Global Marketing Intern Recruitment (English-speaking, Full-time conversion possible)",앱솔브랩,,E-7 Sponsors,"Gangnam-gu, Seoul",Intern,
https://dw42ybivffkam.cloudfront.net/a525cf95-ff74-46a1-bad8-e5c31a69fe12.png?format=auto&width=1920&quality=100,"Recruiting Foreign English teacher (40,000/hr)",아이들이엔씨,,"Seongdong-gu, Seoul",Temporary,Education,
https://dw42ybivffkam.cloudfront.net/e96f59d9-b824-44be-8eca-160542cf4947.png?format=auto&width=1920&quality=100,[Little Fox] Native Teacher,리틀팍스,,"Gangnam-gu, Seoul",Temporary,Education,
https://dw42ybivffkam.cloudfront.net/6c7016a1-ffa7-430f-9385-b80dd50e97fb.png?format=auto&width=1920&quality=100,Hospital Interpreter - Thailand,이레마케팅 부산관리본부,,"Jung-gu, Daegu",Temporary,Service,
https://dw42ybivffkam.cloudfront.net/6c7016a1-ffa7-430f-9385-b80dd50e97fb.png?format=auto&width=1920&quality=100,Hospital Interpreter - Cambodia,이레마케팅 부산관리본부,,"Jung-gu, Daegu",Temporary,Service,
https://dw42ybivffkam.cloudfront.net/6c7016a1-ffa7-430f-9385-b80dd50e97fb.png?format=auto&width=1920&quality=100,Hospital Interpreter - Indonesia,이레마케팅 부산관리본부,,"Jung-gu, Daegu",Temporary,Service,
https://dw42ybivffkam.cloudfront.net/72d4f9b7-c27f-447c-96ff-637bab8647a4.png?format=auto&width=1920&quality=100,We are looking for an interpreter for IT technology related meetings,3KOneAI,,"Gangdong-gu, Seoul",Intern,IT,
https://dw42ybivffkam.cloudfront.net/a00a9313-e199-4e79-b752-099765c7cbd0.png?format=auto&width=1920&quality=100,[Global IT Platform] Strategic Planning,에이지엘(주),,"Gwangjin-gu, Seoul",Full Time,Office/Administration,
https://dw42ybivffkam.cloudfront.net/6357389b-1751-46a3-8bcf-aa76adc1fda4.jpeg?format=auto&width=1920&quality=100,Global SaaS(Software-as-a-service) marketer,아고라스,,"Songpa-gu, Seoul",Temporary,Marketing/Ads,
https://dw42ybivffkam.cloudfront.net/s3-kowork-company-logos/b791e2fd-cd70-407e-9b11-6dba48844f0f.png?format=auto&width=1920&quality=100,[Industrial Distribution] Logistics Center Delivery Work Manager,(주)공단유통,,"Gumi-si, Gyeongsangbuk-do",Temporary,Etc,
https://dw42ybivffkam.cloudfront.net/s3-kowork-company-logos/34f03091-9030-496a-939a-ff230c4113cd.jpeg?format=auto&width=1920&quality=100,Hiring experienced marketers in Nepal and Thailand,(주)캐시멜로,,E-7 Sponsors,"Gangnam-gu, Seoul",Full Time,
https://dw42ybivffkam.cloudfront.net/s3-kowork-company-logos/34f03091-9030-496a-939a-ff230c4113cd.jpeg?format=auto&width=1920&quality=100,Recruiting Hong Kong Marketers (Hong Kongers residing in Korea / 2+ years of experience),(주)캐시멜로,,E-7 Sponsors,"Gangnam-gu, Seoul",Full Time,
https://dw42ybivffkam.cloudfront.net/s3-kowork-company-logos/32cc3272-ecd6-4967-a76c-2db470216aa3.png?format=auto&width=1920&quality=100,"Biz English Instructor | Part-Time in Gongdeok station, Mapo-gu, Seoul",에듀컴퍼니,,"Mapo-gu, Seoul",Freelance,Education,
https://dw42ybivffkam.cloudfront.net/s3-kowork-company-logos/b8d58d4e-8a7b-4524-82f3-b886f11661ff.jpeg?format=auto&width=1920&quality=100,Japanese interpretation/CS (dormitory provided/part-time work possible),골든발란스의원,,E-7 Sponsors,"Gangnam-gu, Seoul",Full Time,
https://dw42ybivffkam.cloudfront.net/s3-kowork-company-logos/b8d58d4e-8a7b-4524-82f3-b886f11661ff.jpeg?format=auto&width=1920&quality=100,Japanese Marketing (Dormitory provided/Part-time work possible),골든발란스의원,,E-7 Sponsors,"Gangnam-gu, Seoul",Full Time,
https://dw42ybivffkam.cloudfront.net/s3-kowork-company-logos/b8d58d4e-8a7b-4524-82f3-b886f11661ff.jpeg?format=auto&width=1920&quality=100,Japanese language counseling center (dormitory provided/part-time work possible),골든발란스의원,,"Gangnam-gu, Seoul",Full Time,Sales/CS,
https://dw42ybivffkam.cloudfront.net/6f12a921-6b4c-4784-a182-723fd71abb90.png?format=auto&width=1920&quality=100,[Bio/Pharmaceutical] StemOn Marketing Sales Headquarters Recruitment (Chinese/Japanese),주식회사 스템온,,E-7 Sponsors,"Seongnam-si, Gyeonggi-do",Full Time,
https://dw42ybivffkam.cloudfront.net/0d9b49db-dcab-456f-96c7-f56096f1d646.png?format=auto&width=1920&quality=100,Hospital Interpreter - Russia,이레마케팅,,"Gangnam-gu, Seoul",Temporary,Service,
https://dw42ybivffkam.cloudfront.net/0d9b49db-dcab-456f-96c7-f56096f1d646.png?format=auto&width=1920&quality=100,Hospital Interpreter - Thailand,이레마케팅,,"Gangnam-gu, Seoul",Temporary,Service,
https://dw42ybivffkam.cloudfront.net/0d9b49db-dcab-456f-96c7-f56096f1d646.png?format=auto&width=1920&quality=100,Hospital Interpreter - Indonesia,이레마케팅,,"Gangnam-gu, Seoul",Temporary,Service,
https://dw42ybivffkam.cloudfront.net/3c8ba0fc-93db-45d4-be34-f3653c1d7922.png?format=auto&width=1920&quality=100,Medimap Mongolia TM Recruitment Notice (F4 Visa Holders),메디맵 주식회사,,"Songpa-gu, Seoul",Full Time,Sales/CS,
https://dw42ybivffkam.cloudfront.net/0d9b49db-dcab-456f-96c7-f56096f1d646.png?format=auto&width=1920&quality=100,Hospital Interpreter - Philippines,이레마케팅,,"Gangnam-gu, Seoul",Temporary,Service,
https://dw42ybivffkam.cloudfront.net/3eb7d8f0-de76-43a8-a25a-84e25e61b200.png?format=auto&width=1920&quality=100,[Adventure English] Children's Chess Club Part-time English Native Foreign Instructor Recruitment,Adventure English,,"Seodaemun-gu, Seoul",Part Time,Education,
https://dw42ybivffkam.cloudfront.net/s3-kowork-company-logos/82f8542d-a24c-4764-afa7-4a6e8cd778d4.jpeg?format=auto&width=1920&quality=100,[ICR] Japanese Corporation Communication Manager,아이씨알,,E-7 Sponsors,"Geumcheon-gu, Seoul",Part Time,
https://dw42ybivffkam.cloudfront.net/076bce5a-80fd-4fbd-87a1-940b981d2511.png?format=auto&width=1920&quality=100,Global Marketing,더블유제이랩스,,E-7 Sponsors,"Seocho-gu, Seoul",Full Time,
https://dw42ybivffkam.cloudfront.net/48148a24-e24c-45dd-ba50-584cd9b23e05.jpeg?format=auto&width=1920&quality=100,"(Fluent in Chinese) Beauty Brand Sales, CS, SNS Management Intern and Part-time Recruitment",페브컴퍼니 유한책임회사,,"Jung-gu, Seoul",Freelance,Sales/CS,
https://dw42ybivffkam.cloudfront.net/faf6094d-b735-42ae-bc3a-ccee9a11e9f3.png?format=auto&width=1920&quality=100,Global Marketing Manager - China (Intern),주식회사 놀유니버스,,"Seongnam-si, Gyeonggi-do",Intern,Marketing/Ads,
https://dw42ybivffkam.cloudfront.net/s3-kowork-nextjs-local-file/img/logo/img-logo-default.png?format=auto&width=1920&quality=100,We are recruiting female employees to select health supplement products.,주인테크,,"Pyeongtaek-si, Gyeonggi-do",Temporary,Production/Manufacturing,
https://dw42ybivffkam.cloudfront.net/3a0da287-f906-41fb-aa63-4209857fee08.png?format=auto&width=1920&quality=100,Law Firm Russian Customer Service (Telephone Response),법무법인 대진,,"Seocho-gu, Seoul",Temporary,Sales/CS,
https://dw42ybivffkam.cloudfront.net/s3-kowork-nextjs-local-file/img/logo/img-logo-default.png?format=auto&width=1920&quality=100,Welding. Oxygen. Cutting. *Even beginners can do it.,성우적재함,,"Eumseong-gun, Chungcheongbuk-do",Full Time,Production/Manufacturing,
https://dw42ybivffkam.cloudfront.net/49144f03-a285-484d-9360-6fc69387d5b8.png?format=auto&width=1920&quality=100,Red11 / Bar / Hall Server / Full-time Employee,주식회사디스티프,,"Gangnam-gu, Seoul",Full Time,Service,
https://dw42ybivffkam.cloudfront.net/s3-kowork-company-logos/4d52bb0c-7036-42ed-bef7-96b87d6067d7.png?format=auto&width=1920&quality=100,Customer Service - Open Roles by Country,지머니트랜스 주식회사,,"Jongno-gu, Seoul",Full Time,Sales/CS,
https://dw42ybivffkam.cloudfront.net/6003d642-5bb0-402c-8483-a8b85189a8a4.png?format=auto&width=1920&quality=100,[PUBG IP Franchise] China Region Localization (Newcomer ~ 3 years),Krafton,,"Gangnam-gu, Seoul",Full Time,Service,
https://dw42ybivffkam.cloudfront.net/6003d642-5bb0-402c-8483-a8b85189a8a4.png?format=auto&width=1920&quality=100,[PUBG STUDIOS] Native English Language Specialist (3+ years),Krafton,,"Gangnam-gu, Seoul",Full Time,Translation,
https://dw42ybivffkam.cloudfront.net/s3-kowork-nextjs-local-file/img/logo/img-logo-default.png?format=auto&width=1920&quality=100,Hiring workers for interior window insulation film (=tinting) installation,돔가드,,"Namdong-gu, Incheon",Full Time,Construction,
https://dw42ybivffkam.cloudfront.net/a07db8f1-9ba6-4033-8cb5-1e314aca144a.png?format=auto&width=1920&quality=100,Cheonggyesan Korean Restaurant is hiring hall serving staff.,(주)청계산,,"Seocho-gu, Seoul",Full Time,Service,
https://dw42ybivffkam.cloudfront.net/cc6c0cb1-a0d9-4672-a4e1-601bccb20241.png?format=auto&width=1920&quality=100,[Living in Korea ONLY] Digital marketing specialist/ Overseas Sales,주식회사 케어포유,E-7 Sponsors,"Anyang-si, Gyeonggi-do",Full Time,Marketing/Ads,
